grid_id,center_lat,center_lng,timestamp,aqi,pm25,pm10,co,no2,so2,distance_from_center,construction_contrib_aqi,vehicle_contrib_aqi,dust_contrib_aqi,construction_contrib_pm25,vehicle_contrib_pm25,dust_contrib_pm25,construction_contrib_pm10,vehicle_contrib_pm10,dust_contrib_pm10,construction_contrib_co,vehicle_contrib_co,dust_contrib_co,construction_contrib_no2,vehicle_contrib_no2,dust_contrib_no2,construction_contrib_so2,vehicle_contrib_so2,dust_contrib_so2
grid_1,28.626179,77.306161,2025-07-20T14:30:00Z,165.12,77.31,120.27,4.59,57.47,26.57,2470,19.2,43.4,20.3,19.6,41.8,40.4,19.8,45.8,28,6.9,115.3,5.8,8.4,67.8,5.4,16.2,22.4,14.3
grid_2,28.626179,77.308214,2025-07-20T14:30:00Z,171.54,87.62,144.71,2.8,64.97,28.08,2404,16.3,76.4,31.6,18.4,29,27,20.8,25.4,33,6.8,104.6,6.5,9.8,87.4,10.7,17.3,44.5,5.8
grid_3,28.626179,77.310267,2025-07-20T14:30:00Z,169.72,78.28,131.86,3.56,60.7,28.88,2354,21.8,66.4,12.5,8.7,59.7,38.2,16.8,34.6,53.1,2.7,102.2,4.6,4.1,101.8,9,15.5,50.3,14.2
grid_4,28.626179,77.31232,2025-07-20T14:30:00Z,144.27,69.91,142.14,3.48,65.71,24.36,2319,13,79.9,24.1,12.2,37.8,34.6,24,43.9,44.1,7.3,100,5.4,6.4,96.2,5.5,17.4,41.7,8.3
grid_5,28.626179,77.314373,2025-07-20T14:30:00Z,172.34,91.36,137.28,3.1,67.8,33.86,2302,21.8,56.1,30.6,14.3,33.1,42.8,20.7,20.5,56.8,5.2,66.3,5.1,8.9,104.6,8.8,10.1,35,10.4
grid_6,28.626179,77.316427,2025-07-20T14:30:00Z,160.56,72.37,130.88,2.77,65.25,25.48,2302,17,66.2,27.3,8.8,47,22.1,14.8,36.6,37.9,7.1,92.3,6.7,5.9,96.4,8.7,10.1,35.6,8.5
grid_7,28.626179,77.31848,2025-07-20T14:30:00Z,154.75,75.21,120.52,2.72,53.38,22.94,2319,14.7,63.8,12.1,8.5,24.5,42.7,24.1,48.6,58.2,7,67,5.7,11.1,104.4,5.6,14.7,36.6,6.4
grid_8,28.626179,77.320533,2025-07-20T14:30:00Z,144.82,86.68,116.84,3.86,58.56,22.36,2354,14,78.2,17.1,9.2,25.1,27,12.7,37.1,49.7,3.9,102.5,6.4,8.7,63.1,8.7,11,54,8.1
grid_9,28.626179,77.322586,2025-07-20T14:30:00Z,161.29,72.46,123.57,4.3,50.06,27.6,2404,11.7,67.2,17,18.6,26.1,27.3,13.4,30.9,48.5,4.9,91.8,2.1,4.2,62.6,6,12.6,40,5
grid_10,28.626179,77.324639,2025-07-20T14:30:00Z,175.67,71.63,142.96,3.22,61.73,24.19,2470,10.5,68,30,11.1,28.3,32.1,15.7,42.3,41.4,6.5,110.2,2.6,6.1,60.3,7.3,10.6,50.2,11.7
grid_11,28.627981,77.302055,2025-07-20T14:30:00Z,159.15,76.95,144.52,3.18,58.81,22.68,2470,21.3,55.3,17.4,17.3,61.6,40.6,18.5,26.5,51,3.4,101.7,4.5,4.2,78.4,3.8,17.2,23.7,8.4
grid_12,28.627981,77.304108,2025-07-20T14:30:00Z,175.02,71.27,121.67,3.81,68.6,24.71,2371,11.2,59.8,31.6,13.8,35.7,38.6,21.7,34.6,55.2,6.1,120.8,4.9,9.2,61.4,10.3,7.6,31.5,13.2
grid_13,28.627981,77.306161,2025-07-20T14:30:00Z,171.39,72.62,115.65,3.94,58.42,30.92,2285,13.9,45.9,28.2,17.7,33.5,20.7,13.8,21,27.3,3.6,74.9,4.2,7.9,79.4,3.8,16.9,30.3,10
grid_14,28.627981,77.308214,2025-07-20T14:30:00Z,136.24,84.4,126.65,3.21,56.43,25.8,2214,21.4,64.5,31.4,11.5,34.1,35.6,13.6,43.7,58.3,5.5,90.8,5.1,9,56.4,5.5,10,25.5,6.8
grid_15,28.627981,77.310267,2025-07-20T14:30:00Z,147.91,70.79,125.26,4.3,59.88,26.03,2159,20.8,70,26.7,12.9,40.4,43.3,16.2,39.2,26.2,7.3,109.6,4.7,5.5,88,4,12.4,51.6,14.4
grid_16,28.627981,77.31232,2025-07-20T14:30:00Z,132.62,70.73,122.36,3.99,67.22,26.41,2121,11.7,70.6,22.1,19.5,23,35.4,17.1,30.6,28.7,6,83.2,5,11.3,81.3,9.7,10.5,48.1,13.8
grid_17,28.627981,77.314373,2025-07-20T14:30:00Z,150.63,66.93,114.59,3.85,62.53,26.83,2102,13.3,70.4,29.6,14.6,22.3,26,24.2,35.2,51,3.4,74.4,5.8,4.2,69.9,10.8,14.9,32.2,9.4
grid_18,28.627981,77.316427,2025-07-20T14:30:00Z,154.37,77.93,121.48,3.01,61.99,27.78,2102,16.1,76.4,23.6,14.6,41.3,33.4,10.1,37,30.2,5.8,97.1,5.7,6.6,105.1,7.3,9.2,33.6,5.5
grid_19,28.627981,77.31848,2025-07-20T14:30:00Z,146.27,67.55,139.34,2.96,62.99,30.25,2121,15.2,75.4,15.1,18.7,57.3,44.6,11.9,36.1,40.2,5,99.6,6.6,8.8,79.6,4.6,12.6,42.3,7.8
grid_20,28.627981,77.320533,2025-07-20T14:30:00Z,148.13,88.69,143.56,2.68,57.61,26.14,2159,12.3,58,12.1,13.3,40.2,29.3,17.2,41.5,48.3,6.6,112.8,5,8,90.4,9.9,17.4,45.6,7.1
grid_21,28.627981,77.322586,2025-07-20T14:30:00Z,162.12,68.25,144.07,3.54,56.82,28.24,2214,17.5,39.9,28.2,16.5,46.2,39.2,24.8,47.1,54,4.6,69.1,2.9,10.2,98.7,7.5,13.3,31.3,13.9
grid_22,28.627981,77.324639,2025-07-20T14:30:00Z,159.65,71.55,121.75,2.98,49.01,22.21,2285,18.5,81.3,26,19.6,23.5,31.2,23.2,31.8,59.4,4.6,86.5,4.4,10.8,101.3,10.5,9.2,26.6,10.1
grid_23,28.627981,77.326692,2025-07-20T14:30:00Z,167.31,81.54,119.66,3.76,67.2,20.2,2371,18.1,48.9,26.1,7.5,64.2,32.9,10.7,27,54.6,6,72.5,5.2,5.1,87.4,6.4,14.7,54.9,11.1
grid_24,28.627981,77.328745,2025-07-20T14:30:00Z,161.04,86.92,137.82,3.31,53.61,28.78,2470,18.4,65.2,25.5,17.9,26.1,22,14.8,22.4,50,7.1,71.7,5.7,11.5,91.8,9.9,11,32.3,11.9
grid_25,28.629783,77.300002,2025-07-20T14:30:00Z,160.7,91.19,132.94,3.1,53.83,26.3,2421,22.4,79.9,30.4,16.5,39.6,28.3,20.5,45.3,58.2,6.8,97.9,5.3,9.4,81.8,10.7,16.5,50.8,10.4
grid_26,28.629783,77.302055,2025-07-20T14:30:00Z,144.12,69.09,142.84,3,63.64,29.48,2302,20.4,60.7,19.1,14.9,23.1,37.7,17.3,48,58.6,3.8,109.1,2.6,8.4,84.3,3.6,17.1,39.6,8.7
grid_27,28.629783,77.304108,2025-07-20T14:30:00Z,155.17,75.76,113.36,2.95,60.14,26.01,2195,21.5,64.3,24.3,9.9,59.3,21.5,21.5,30.2,54.5,6.7,79.4,5.5,9.3,72.9,3.6,16.7,43.7,8.4
grid_28,28.629783,77.306161,2025-07-20T14:30:00Z,161.02,65.34,118.84,3.48,65.74,28.34,2102,10.4,50.6,24.1,9.2,25.4,39.9,23.4,22.7,26,4.9,78.4,5.5,10.4,104.5,4.1,7.6,43.6,13.1
grid_29,28.629783,77.308214,2025-07-20T14:30:00Z,142.56,79.42,113.89,4.26,57.99,31.31,2025,13.3,60.6,19.3,12.9,38.6,24.1,23.8,44.8,35.9,6.3,94.3,3.3,11.5,99.6,7.8,12.8,32,13
grid_30,28.629783,77.310267,2025-07-20T14:30:00Z,160,80.22,108.81,2.87,50.91,20.68,1965,16.1,49.3,20,14.6,46.3,23.9,18.4,41.9,50.1,2.6,96.5,3,6.8,82.8,3.5,11.7,45.7,7.3
grid_31,28.629783,77.31232,2025-07-20T14:30:00Z,148.79,84.48,120.64,3.91,56.08,22.52,1924,15.2,41.5,31.7,13.1,38.2,23.4,19.6,26.5,28,4.6,90.9,2.4,5.6,78.9,6.6,9,25.7,9.1
grid_32,28.629783,77.314373,2025-07-20T14:30:00Z,144.26,85.39,121.9,3.79,58.24,26.65,1903,20.3,56.4,30.9,9.6,58.6,39.7,23.5,40.5,31.2,5.6,73.6,5.3,6.3,103.5,10.9,15.6,40.3,14.3
grid_33,28.629783,77.316427,2025-07-20T14:30:00Z,153.38,74.56,132.36,3.22,60.14,18.89,1903,20,55,21.2,13.8,35.2,44.2,15.2,38.9,43.8,3.7,87.2,4.1,4.5,90.3,10.7,10.8,27.6,12.8
grid_34,28.629783,77.31848,2025-07-20T14:30:00Z,137.38,80.72,134.2,2.61,60.52,19.26,1924,18.3,85.4,25.4,19.2,40,38.8,18,48.2,52.4,7.1,74.8,6.3,10.1,64.4,5.3,11.4,43.9,8.3
grid_35,28.629783,77.320533,2025-07-20T14:30:00Z,166.52,85.74,117.9,3.33,58,33.3,1965,13.9,58.6,29.8,19.6,59.4,29.3,10.7,21.6,31.2,4.5,112.7,6.5,4.9,64.3,8.8,15.9,36.6,9.4
grid_36,28.629783,77.322586,2025-07-20T14:30:00Z,155.1,67.55,121.94,3.19,56.15,31.43,2025,20.8,42.7,20.4,17.5,44.7,30,17.3,32,43.4,3.6,109.3,6.5,5,68.9,8.9,12.3,40.4,7.9
grid_37,28.629783,77.324639,2025-07-20T14:30:00Z,154.76,81.92,126.94,4.4,61.62,28.65,2102,14.1,76.3,22.4,9.5,45.4,21.8,15.8,22.5,49.1,4.5,85.2,3.1,9.4,98.1,10.7,15.7,28.1,13
grid_38,28.629783,77.326692,2025-07-20T14:30:00Z,141.93,77.98,124.89,4.12,63.34,23.58,2195,15.4,65.6,18.4,11.7,47.4,41.3,13.3,23.7,34.5,6.6,109.2,5.6,5.3,106.8,4,10.2,50.8,11
grid_39,28.629783,77.328745,2025-07-20T14:30:00Z,168.02,88.16,140.65,2.78,60.82,22.83,2302,13.4,86.7,20,17.2,33.3,20.4,15,30.1,40.3,6.9,96.4,2.3,10.2,105.1,6.8,13,29.5,10.1
grid_40,28.629783,77.330798,2025-07-20T14:30:00Z,161.62,78.65,118.76,3,66.13,25.18,2421,16,65.6,25.1,11.6,49.9,27.7,21.4,38.6,58.1,5.3,79.4,4.3,4.5,74.6,7.9,17.2,47.9,10.1
grid_41,28.631585,77.297948,2025-07-20T14:30:00Z,171.05,79.85,133.44,2.96,63.54,22.7,2404,12.4,80.3,30.2,11.7,60.5,20.6,16.2,45.6,32.2,3.8,111.3,6.6,8,88,6.2,11.5,49.9,11.1
grid_42,28.631585,77.300002,2025-07-20T14:30:00Z,155.83,88.22,126.25,3.8,59.19,25.76,2267,22.5,48.7,13.9,18.8,64.8,31.6,15.2,25.6,45.2,5.9,93.1,3.4,8.2,76.9,3,8.3,48.2,13.6
grid_43,28.631585,77.302055,2025-07-20T14:30:00Z,149.42,85.43,134.85,4.5,59.91,27.74,2140,18.1,79.4,20.4,13.8,48,32.6,12.7,32.1,31.4,5.1,75.7,3.6,6.8,57.5,9.1,10.8,44.5,9.3
grid_44,28.631585,77.304108,2025-07-20T14:30:00Z,137.84,76.81,137.58,2.55,54.1,22.31,2025,11.1,71.4,26.7,19.4,26.4,40,10.7,45.6,31.4,7.1,114,5.5,11,57.6,3.9,9.4,24.6,14.8
grid_45,28.631585,77.306161,2025-07-20T14:30:00Z,150.15,66.6,117.84,2.73,65.27,22.79,1924,17,86,26.5,17,46.1,44.9,22,34.4,43.3,5.2,105.8,6.6,8.8,103.2,5.6,16.8,54.1,12.8
grid_46,28.631585,77.308214,2025-07-20T14:30:00Z,148.36,74.57,137.18,3.88,49.25,31.36,1838,12,54.7,19,13.1,23.6,35.6,17.8,39.6,34.6,2.8,118,3.7,9.7,74.7,4,10.8,52,14.1
grid_47,28.631585,77.310267,2025-07-20T14:30:00Z,147.04,86.26,109.07,4.11,57.16,32.16,1772,17.5,78.4,13.8,17.5,30.5,33.3,16.7,28.5,42.7,3.7,113,3.5,11.4,94,9.8,7.9,36.3,13
grid_48,28.631585,77.31232,2025-07-20T14:30:00Z,128.38,68.25,138.61,4.13,63.9,20.74,1726,14.8,56.1,17.4,15.5,64.1,28.4,19.2,26.6,51.1,2.9,99.1,3.3,7.6,88.7,9.2,13.7,53.3,11.1
grid_49,28.631585,77.314373,2025-07-20T14:30:00Z,141.53,72.93,137.01,3.57,56.75,19.54,1703,15.8,74.4,28,19.8,55,30.6,21.5,49.9,59.9,5.4,100.1,5.5,4.1,95.7,5.8,16.8,27.9,11.2
grid_50,28.631585,77.316427,2025-07-20T14:30:00Z,164.18,73.22,136.84,3.78,48.16,29.69,1703,11.5,82.9,14.2,16,40.1,44.2,15.9,49.7,56.7,5.5,66.9,6,10.9,66.7,5.5,8.7,47.2,12.4
grid_51,28.631585,77.31848,2025-07-20T14:30:00Z,133.51,83.12,126.03,2.57,49.66,23.88,1726,19.2,71.6,27.3,19.3,45.5,38.1,24.2,49.6,55.4,6.6,96.2,2.2,9,75.8,3.6,8.1,53.8,6.4
grid_52,28.631585,77.320533,2025-07-20T14:30:00Z,129.91,66.25,128.41,4.18,64.2,31.66,1772,14.3,42.9,24.5,15.1,66,38.9,12.6,49.7,43.2,5.5,76.3,4.8,7.6,59.6,4.4,14.9,54.7,6.6
grid_53,28.631585,77.322586,2025-07-20T14:30:00Z,161.19,87.59,109.36,2.99,51.15,31.58,1838,12.8,51.5,30.9,13.4,31.2,35.9,20.1,34.4,35.9,5.3,116.4,7,4.8,106.2,7.6,9.8,36.5,5.5
grid_54,28.631585,77.324639,2025-07-20T14:30:00Z,137.05,75.24,130.01,3.9,63.09,30.12,1924,19.2,80.1,30.2,17.3,45.6,30.7,15.7,36.7,55.2,6.5,93.7,4.4,5.7,77.5,3.8,16.2,46.9,14.4
grid_55,28.631585,77.326692,2025-07-20T14:30:00Z,143.92,86.41,121.94,4.04,50.06,20.82,2025,22.1,84.7,18.2,15.9,56.3,29,16.7,41.6,48,5.2,96.5,5.4,8.5,58.8,10.2,10.3,39.6,11.6
grid_56,28.631585,77.328745,2025-07-20T14:30:00Z,142.3,87.94,119.04,4.43,66.84,26.72,2140,19.5,60.4,16.9,16.9,42,29.6,22.7,38.7,29.8,6.5,73.4,6.2,6.7,98.9,3.7,9.3,26.8,6.3
grid_57,28.631585,77.330798,2025-07-20T14:30:00Z,147.62,87.03,121.78,4.4,61.7,26.29,2267,13.3,76.2,29.2,18.1,37.1,43.5,11.5,19,58.2,4.8,99.9,3.8,8.3,63.3,6.4,8,35.6,6.7
grid_58,28.631585,77.332852,2025-07-20T14:30:00Z,160.69,87.96,144.03,4.61,54.63,26.7,2404,18.7,54,16.6,14.1,39.3,42.1,18.8,42.5,48.5,5.1,89.7,4.4,5.9,106,7.5,16.6,48.9,13.1
grid_59,28.633386,77.295895,2025-07-20T14:30:00Z,140.79,70.59,146.94,2.79,60.23,23.14,2421,19.3,53.6,17.9,8.5,25.9,40.7,12.1,40.8,54.1,7.1,99.3,6.3,8.6,63.2,4.4,8.6,43.3,14.6
grid_60,28.633386,77.297948,2025-07-20T14:30:00Z,143.87,68.15,112.09,3.76,66.64,24.6,2267,12,80.7,23.7,16.7,45.4,23.5,13.7,18.5,43.5,5.4,119.8,7,11.4,108.6,6.2,15.3,33.1,5.1
grid_61,28.633386,77.300002,2025-07-20T14:30:00Z,152.42,70.08,127.91,4.41,64.97,32.48,2121,10.3,68.8,28.5,16.3,39.5,22.7,11.4,36.1,39.9,5.8,104.3,3,6.2,102.6,10.6,15.2,53.4,12.5
grid_62,28.633386,77.302055,2025-07-20T14:30:00Z,142.43,85,109.59,3.31,51.63,24.93,1985,13.1,46.3,26.7,15.7,64.2,29.8,15.8,38.8,39.3,5.6,92.9,4.7,4.3,68.4,6.9,16.4,25.9,9.2
grid_63,28.633386,77.304108,2025-07-20T14:30:00Z,130.68,83.75,114.25,3.38,57.76,19.78,1860,21.7,51.6,13,9,44.8,30.3,12.5,42.4,30,3,90.4,5.1,6.2,93.2,6.5,10.2,27.8,10.2
grid_64,28.633386,77.306161,2025-07-20T14:30:00Z,146.17,65.97,122.47,3.31,60.49,21,1749,15.7,55.2,20.8,13,50.5,21.2,16.1,24.2,25.6,4.1,68.5,4.3,10.8,60.5,4.4,17.2,44.4,6.5
grid_65,28.633386,77.308214,2025-07-20T14:30:00Z,156.73,65,110.98,3.46,58.26,32.47,1655,20.4,75.9,18.9,16.7,60.6,20.4,17.6,50.3,59.8,6.9,114.9,2.4,4.2,69,5.6,16.6,54.3,10.7
grid_66,28.633386,77.310267,2025-07-20T14:30:00Z,123.74,80.39,127.19,3.24,61.14,29.18,1581,15.7,44.1,17.6,19.6,35,23,21.1,38.4,41.2,3.1,69.6,5.7,6.8,77.9,3.5,16.7,28.9,5.9
grid_67,28.633386,77.31232,2025-07-20T14:30:00Z,149.72,83.04,109.75,4.1,51.83,22.77,1530,17.5,52,15.2,13.5,47.8,37.6,14.8,40.3,33.2,2.6,106.4,4.6,4.2,105.9,10.1,15.5,33.6,10.2
grid_68,28.633386,77.314373,2025-07-20T14:30:00Z,136.46,73.13,126.98,3.72,55.19,26.71,1503,14.5,82.3,24.9,18.5,51,26.1,22.9,41,37,6.8,106.9,6.4,6.4,65.1,9.7,9.1,45.5,7.7
grid_69,28.633386,77.316427,2025-07-20T14:30:00Z,151.73,82.23,109.42,3.74,60.85,21.07,1503,21.9,84,17.2,18.6,64.6,33.8,23.6,43.7,32.9,4.3,72.2,5.3,4.8,57.5,10.7,12.9,52.9,8.9
grid_70,28.633386,77.31848,2025-07-20T14:30:00Z,147.32,63.21,102.54,3.09,62.97,22.11,1530,11.3,67.8,23.9,14.9,23,40.2,23.1,41.2,44.8,4,116.9,4.1,7.9,95.2,10,16.8,38.9,7.7
grid_71,28.633386,77.320533,2025-07-20T14:30:00Z,155.89,62.84,110.26,3.31,59.27,22.1,1581,16.1,61.2,13.8,12,37.8,34.6,16,30,42.2,2.6,89.5,4.4,5.8,107.4,6.8,12,24.6,14.1
grid_72,28.633386,77.322586,2025-07-20T14:30:00Z,139.53,74.15,126.16,3.82,62.56,25.31,1655,20.6,45.7,21.6,17.9,59.2,20.7,19.7,46.2,57.9,3.2,66.4,3.9,4.8,71.8,3.6,13.8,38,6.3
grid_73,28.633386,77.324639,2025-07-20T14:30:00Z,146.46,79.61,123.91,3.49,53.65,30.27,1749,16.2,77.3,24.6,16.4,46.3,22,15.7,18.3,56,7.5,93,3.4,7.5,65.2,7.2,8.6,35.2,5.1
grid_74,28.633386,77.326692,2025-07-20T14:30:00Z,147.99,86.02,118.28,2.59,53.6,30.53,1860,22.2,72.2,15.1,12.1,41.2,26.2,21.4,35.5,51.4,4.6,116.1,5.5,7.2,96,6.9,11.3,53.2,5.1
grid_75,28.633386,77.328745,2025-07-20T14:30:00Z,139.58,82.2,118.58,4.18,53.62,27.49,1985,11.2,79.1,20,18.6,26.5,21.9,19.6,33.6,40.6,7.5,66.6,5.5,6.2,75.8,10.2,16.2,39.9,14.1
grid_76,28.633386,77.330798,2025-07-20T14:30:00Z,142.6,80.49,112.95,3.49,66.57,24.34,2121,12.5,50.7,12.2,19.9,40,31.7,12.4,39,31.3,4,115.8,5.8,7.4,103.1,4.9,14.9,49.9,9.7
grid_77,28.633386,77.332852,2025-07-20T14:30:00Z,165.72,84.02,133.09,3.72,55.67,31.99,2267,11.6,86.9,13.3,16,50.2,20.1,11.2,23.5,43.6,5.6,118.9,6.6,7.1,86.4,9.1,8.6,25.2,7.5
grid_78,28.633386,77.334905,2025-07-20T14:30:00Z,155.33,88.23,145.64,2.8,67.08,28.37,2421,16,55.7,14.4,13.2,59.8,36.6,14,37.3,25.2,7.2,115.6,3.3,10.3,60.6,10.8,15.1,45.1,7.3
grid_79,28.635188,77.293842,2025-07-20T14:30:00Z,148.92,76.32,140.05,3.5,58.8,26.84,2470,17.5,83.8,26,11.6,47.1,31,10.2,49.2,28.6,3.8,84.4,5.7,10.6,71.7,4.8,8.4,36.9,5
grid_80,28.635188,77.295895,2025-07-20T14:30:00Z,142.04,70,135.27,3.53,67.26,30.9,2302,15,55,16.2,12.4,50.2,34.5,21.6,42.8,60,3.8,116.1,6.5,8.9,105.4,10.2,15.7,37.5,10.1
grid_81,28.635188,77.297948,2025-07-20T14:30:00Z,163.33,77.18,137.96,3.09,58.57,33.12,2140,17.2,81.7,22.5,12.5,55.7,23.1,22,30.3,43.9,4,102.9,5.3,8.7,63.3,3.7,9.2,26,7.1
grid_82,28.635188,77.300002,2025-07-20T14:30:00Z,133.03,78.71,125.74,3.7,50.12,25.47,1985,19.3,64.9,20,12,23.3,30.6,10.3,26.7,47.9,6.7,114.6,2.3,11.3,74.8,3.5,10.1,46.4,8.8
grid_83,28.635188,77.302055,2025-07-20T14:30:00Z,156.81,78.1,128.46,4.15,48.39,30.17,1838,18.3,54.9,23.5,16.7,29.9,38,10.1,39.6,56.5,7.1,103,4.8,6.5,93.7,8,14.6,44.6,6.1
grid_84,28.635188,77.304108,2025-07-20T14:30:00Z,164.05,82.25,133.65,2.86,60.04,20.71,1703,16.4,43.2,27.2,19.8,27.3,20.1,17.1,34,26.6,3.9,74,5.1,10,83.9,9.3,12.6,52,11.4
grid_85,28.635188,77.306161,2025-07-20T14:30:00Z,148.35,67.62,132.75,4.12,59.43,31.87,1581,15.3,54.1,15,11.7,60.3,36.3,12,45.5,48.4,6.3,115.3,6.7,4.6,73.7,9.9,9.7,52.4,9.7
grid_86,28.635188,77.308214,2025-07-20T14:30:00Z,125.11,75.36,118.84,4.16,60.03,26.27,1476,18.3,40.2,27.4,15.3,62.5,40.5,15.3,19.4,43.2,6.1,89.1,4,5.5,81.9,3.1,16.7,41,10.8
grid_87,28.635188,77.310267,2025-07-20T14:30:00Z,127.99,73.48,101.81,3.22,52.4,27.68,1393,18.7,78.7,19.1,15.9,24,30.5,21.7,36.1,29.4,7.2,104.2,4.9,4.9,74.7,7.5,14.6,35.6,11
grid_88,28.635188,77.31232,2025-07-20T14:30:00Z,159.37,72.43,106.36,3.72,47.71,27.76,1334,13.3,80.7,29.3,10.8,44.5,25,24.2,44.9,32.2,6,116.3,2.7,4.4,71.1,9.6,15.3,53.6,11.1
grid_89,28.635188,77.314373,2025-07-20T14:30:00Z,152.68,75.24,117.35,3.41,50.63,31.49,1304,13.5,74.9,30.7,18.3,43.9,35.1,11.5,39,36.4,4.1,117.1,3.6,9.3,108.7,3.1,15.3,40.8,12.6
grid_90,28.635188,77.316427,2025-07-20T14:30:00Z,130.56,59.19,127.37,3.25,58.33,17.2,1304,19.6,70.9,12.8,8,60.2,33.2,12.4,47.1,54.2,6.7,68.3,3.5,9.2,64.1,3.2,9.2,25.2,11.5
grid_91,28.635188,77.31848,2025-07-20T14:30:00Z,156.23,82.06,130.07,2.42,52.35,22.57,1334,10.4,45.6,23.9,18.6,60.9,25.8,12,28.4,41.7,5.3,103,6.8,9.2,56.9,6.5,15.1,37.4,8.7
grid_92,28.635188,77.320533,2025-07-20T14:30:00Z,130.74,81.09,123.27,3.64,54.33,21.23,1393,19.6,54.8,17,14.6,33.6,38.9,16.8,39.7,39.1,7,113.7,4.2,5.1,97.4,9.1,8.4,40.7,6.4
grid_93,28.635188,77.322586,2025-07-20T14:30:00Z,140.35,74.26,104.89,3.28,52.12,19.48,1476,11.6,80.3,24.4,11.7,46.5,38.9,15.6,25.5,34.5,6.6,67,5.6,8.2,107.2,3.9,10.2,49.4,6.4
grid_94,28.635188,77.324639,2025-07-20T14:30:00Z,140.65,68.98,110.27,4.2,51.87,24.7,1581,15.2,58.6,17.7,12.2,55.5,34.8,17.3,27.2,49.1,4.8,78.3,4.8,8.5,73,5,8.5,53.8,12
grid_95,28.635188,77.326692,2025-07-20T14:30:00Z,132.71,75.51,119.02,2.35,55.29,32.6,1703,10.7,86.1,18.7,12.4,28.6,38.6,18.1,37.8,49,6.5,103.3,5.1,4,55.4,7.9,12.7,24.8,9.1
grid_96,28.635188,77.328745,2025-07-20T14:30:00Z,144.74,82.21,132.13,3.52,53.3,26.76,1838,21,51.9,30.8,10.9,37.4,24.6,12.2,35.4,37.5,6.5,114.2,4.5,4.8,88.1,10.7,17.2,32.7,9.6
grid_97,28.635188,77.330798,2025-07-20T14:30:00Z,164.47,75.63,122.12,3.73,47.82,33.58,1985,22.1,61.4,31,13.6,54.8,25.3,24.9,46.7,34.3,2.5,73,4.5,8.5,106.3,7.2,15.6,34.4,9.6
grid_98,28.635188,77.332852,2025-07-20T14:30:00Z,135.48,67.02,138.67,3.66,49.39,27.35,2140,16.4,79.7,24.8,13.7,23.1,40.9,24.4,33.2,28.6,4.1,107.4,4.2,8.8,104.1,6.9,9,25.3,6.4
grid_99,28.635188,77.334905,2025-07-20T14:30:00Z,165.84,87.22,120.84,3.49,63.53,24.27,2302,19.2,68.2,30,11.5,60.4,36.1,24.1,27.4,47.6,2.5,107,2.1,5,82.1,7.9,12.3,50.5,6.6
grid_100,28.635188,77.336958,2025-07-20T14:30:00Z,161.06,68.28,143.03,3.95,55.26,29.09,2470,16.9,71.9,18.9,11.5,28.6,40.9,13.9,27.1,46.9,2.9,103.1,4.9,5.2,103.6,11,16.7,42.4,13.2
grid_101,28.63699,77.293842,2025-07-20T14:30:00Z,146.7,88.3,131.78,4.27,54.65,21.13,2371,20.6,78,31.4,9.9,61.1,26.1,22.1,43.5,32.6,4.3,85.6,2.6,4.9,89.9,3.9,16.7,50.8,8.7
grid_102,28.63699,77.295895,2025-07-20T14:30:00Z,165.14,76.69,141.06,2.7,49.01,33.54,2195,13.1,60.5,27,8,52.8,22.4,17.5,29,35.3,4.9,93.2,3.1,9.5,62.4,8.9,9.5,32.9,12.4
grid_103,28.63699,77.297948,2025-07-20T14:30:00Z,162.71,83.86,127.03,2.74,51.27,24.29,2025,15.9,62.3,18.8,10,35.9,21,17.5,38.4,54.3,7.4,114,2.5,5.6,77.8,4.8,14.6,25.7,10
grid_104,28.63699,77.300002,2025-07-20T14:30:00Z,160.6,64.86,129.01,2.62,48.32,24.8,1860,14,61.6,25.9,18.1,35,27.1,10.3,50.2,30.1,6.1,93.4,5.4,8,106.1,3.3,16.3,53.6,9
grid_105,28.63699,77.302055,2025-07-20T14:30:00Z,156.6,70.53,114.15,3.53,52.69,32.45,1703,21.8,54,21.5,19.4,64.6,36.8,18.1,45.7,28.2,2.6,79,2.7,10,67.1,3,15.7,40.9,8.5
grid_106,28.63699,77.304108,2025-07-20T14:30:00Z,155.06,80.92,125.85,3.96,54.08,29.22,1556,10.1,58.5,30.3,19.3,24.3,34.7,23.6,23.2,44.1,2.5,76.7,3.9,10.5,81,3.5,15.2,35.9,6.6
grid_107,28.63699,77.306161,2025-07-20T14:30:00Z,140,64.93,132.85,2.5,53.74,18.63,1421,19.7,70.7,14,11.5,53.4,39,20.8,34.9,34.7,6,107.8,4.1,5.4,103.9,4.1,11,43.8,6.8
grid_108,28.63699,77.308214,2025-07-20T14:30:00Z,148.38,70.02,121.52,3.67,49.55,28.31,1304,10.2,50.9,18.9,12.4,35.3,44.1,11.5,39.9,26.5,2.9,99.3,2.8,10,61.2,4.4,9.8,42.9,5.8
grid_109,28.63699,77.310267,2025-07-20T14:30:00Z,130.73,64.42,118.41,3.11,44.16,29.78,1208,15,72.5,23,11.1,51.5,43.3,24,32.2,47.5,4.9,87.6,4,10.4,84.7,4.3,13.9,52,11
grid_110,28.63699,77.31232,2025-07-20T14:30:00Z,143.12,69.96,128.09,3.01,48.65,26.86,1140,16.9,48,26.4,14.1,48.4,21.7,23,44.6,55.5,6.5,91.9,5.9,7.6,66.3,10.5,14.5,40.7,9.4
grid_111,28.63699,77.314373,2025-07-20T14:30:00Z,143.31,81.44,130.04,3.61,57.15,29.43,1105,14.3,87,12.5,8.4,55.6,35.1,15.6,33.5,58,7.1,95.4,2.3,8.6,60.3,9.3,13.5,35.7,8
grid_112,28.63699,77.316427,2025-07-20T14:30:00Z,131,81.02,118.08,3.64,53.33,16.67,1105,18.4,83.2,16.6,14.6,56.9,40.6,21.1,20.4,40.1,4.2,79.2,2.1,9.9,65.5,5.5,12.2,29.7,10.4
grid_113,28.63699,77.31848,2025-07-20T14:30:00Z,156.95,60.55,124.76,2.82,55.01,29.08,1140,11.5,78.6,30.9,12.4,41.2,39.3,19.5,48.7,54.4,4.3,110.1,4.5,5.9,55.3,5.4,15.6,43.9,14.8
grid_114,28.63699,77.320533,2025-07-20T14:30:00Z,123.9,66.65,131.62,2.17,43.68,28.14,1208,12.4,51.2,24.1,16.8,29,43.2,16.2,47.3,48.4,2.9,91.1,4.9,5.9,93.7,4.8,11.6,52.7,12.4
grid_115,28.63699,77.322586,2025-07-20T14:30:00Z,152.29,75.48,109.87,3.09,55.83,30.38,1304,18.9,61.1,23,11.4,64.1,43,21.2,25.9,35,6.6,77.2,3.9,11.1,86.3,8.1,13.2,27.8,14.9
grid_116,28.63699,77.324639,2025-07-20T14:30:00Z,155.82,60.58,115.7,3.01,60.73,20.21,1421,14.5,64.7,26.3,16.1,56,38.6,16.3,28.9,56.2,3.9,75.5,2.3,9.4,87.8,5.3,12.3,23,7.2
grid_117,28.63699,77.326692,2025-07-20T14:30:00Z,137.83,73.1,109.45,3.43,56.01,25.89,1556,16.2,45.6,31.4,18.7,36.1,21.6,16.2,32,25.2,6.4,115.3,4.8,5,60.4,8.9,15,52.7,8.5
grid_118,28.63699,77.328745,2025-07-20T14:30:00Z,146.95,76.64,136.32,2.97,53.94,24.95,1703,17.4,67.1,21,16.8,32.7,31.9,24.5,47.8,35.2,2.9,114.7,7,11.3,72.3,4.3,12.5,48.8,6.1
grid_119,28.63699,77.330798,2025-07-20T14:30:00Z,128.77,64.96,118.64,3.64,55.31,32.43,1860,17.5,58.3,22.7,16,58.2,44.1,21.1,30.3,55.5,7,90,3.9,10.4,102.1,3,15.3,27.4,9.7
grid_120,28.63699,77.332852,2025-07-20T14:30:00Z,164.25,66.53,113.51,4.43,57.54,20.54,2025,15.9,67.1,15,16.7,22.2,20.7,18.6,28,35,6.1,118.4,5.3,7.2,59.4,7,17.5,27,5.8
grid_121,28.63699,77.334905,2025-07-20T14:30:00Z,153.23,72.56,121.86,4.05,62.13,22.46,2195,21.1,69.4,19.8,12.7,41.8,24.3,22.1,39.1,57.2,4.9,90.7,2.9,8.1,90.6,9.6,17.3,29.9,7.9
grid_122,28.63699,77.336958,2025-07-20T14:30:00Z,174.77,67.79,127.41,3.14,61.26,30.74,2371,14.8,77.8,26.1,18.6,54.6,24.4,22,50,56.8,5.6,72.4,5.4,10.9,69.1,10.7,16.7,38.7,7.4
grid_123,28.638792,77.291789,2025-07-20T14:30:00Z,172.46,77.06,126.93,3.29,61.67,20.58,2470,20.9,76.8,14.3,8.3,35.9,30.3,14.5,35.6,41.1,3.8,105.9,5,10.1,93.8,6.9,16.9,50.4,11
grid_124,28.638792,77.293842,2025-07-20T14:30:00Z,147.01,81.97,121.8,3.79,58.8,25.11,2285,20.1,69.9,31,13,42.9,22.9,22.2,18.3,41.3,3.5,80.3,2.8,8.8,76.5,9.7,15.2,27.7,11.3
grid_125,28.638792,77.295895,2025-07-20T14:30:00Z,170.08,72.38,142.67,3.39,51.87,31.1,2102,13.1,84.8,19.1,12.4,28.7,23.7,23.4,38.6,39.4,3.1,71.5,3.2,10.1,77,6.6,8.5,37.8,14.5
grid_126,28.638792,77.297948,2025-07-20T14:30:00Z,164.18,80.26,136.95,2.86,64.16,32.78,1924,12.5,56.4,15.6,16.3,65.7,32.6,18,45.9,57.3,3.6,104.1,6.5,9.5,65.8,9.4,12.3,46.8,10.9
grid_127,28.638792,77.300002,2025-07-20T14:30:00Z,153.33,74.01,133.21,3.68,50.19,31.86,1749,14.1,42.9,26.7,12.9,26.3,27.1,23,35.9,47.7,5.9,84.7,6.1,5,93.8,6.1,16.7,51.2,5.2
grid_128,28.638792,77.302055,2025-07-20T14:30:00Z,132.31,73.3,120.69,3.88,50.31,31.1,1581,19.5,78.8,28.7,20,54.2,32.1,20.5,23.2,44.9,4.6,90.4,2.8,7,73.5,10,9.8,45.7,8.7
grid_129,28.638792,77.304108,2025-07-20T14:30:00Z,157.41,60.58,106.35,3.62,51.78,27.26,1421,17.7,87.3,24,9.4,40.3,35.1,12.2,46.3,54.9,2.7,77.2,6.9,6,97.5,3.1,8.6,53,5.2
grid_130,28.638792,77.306161,2025-07-20T14:30:00Z,123.56,83.02,132.41,2.22,51.33,24.93,1273,12.8,68.3,18.3,13.9,32.6,20.8,15.4,18.7,42.6,5.6,99.5,6.7,11.5,89.9,7.9,15.6,42.2,10.8
grid_131,28.638792,77.308214,2025-07-20T14:30:00Z,155.17,78.31,128.87,2.18,60.94,25.08,1140,10.3,73.9,14.9,14.5,24.8,25.2,17.2,36.7,41.9,5.2,76.1,5.7,5,99.6,5.8,8.1,34.6,14.6
grid_132,28.638792,77.310267,2025-07-20T14:30:00Z,130.47,72.57,104.04,3.05,46.2,23.07,1030,12.9,83.7,27.4,19.7,25.1,40.2,15.8,43.8,41.1,2.5,111.7,6.3,6.7,95.8,7.9,11.4,34.6,14.3
grid_133,28.638792,77.31232,2025-07-20T14:30:00Z,142.47,57.06,118.24,3.38,56.48,24.16,949,17.4,44.9,28.3,14.9,26.3,22.2,11.8,50.2,36.1,3.1,111.9,5.9,9.8,100.4,10.8,10.5,35.5,7.4
grid_134,28.638792,77.314373,2025-07-20T14:30:00Z,135.38,65.36,122.66,3.12,44.15,16.44,906,21,52.1,21.1,19.8,43.5,38.1,19.4,19.9,41.9,6.7,76.6,5,8,64.6,4.9,11.7,26.3,12.5
grid_135,28.638792,77.316427,2025-07-20T14:30:00Z,118.14,73.18,104.91,3.62,47.57,17.24,906,20.8,41.4,21.9,9.3,32.5,22.2,19.3,50.5,32.9,7.1,109.1,3.5,7.2,72,4.6,7.5,50.9,7.4
grid_136,28.638792,77.31848,2025-07-20T14:30:00Z,140.97,60.99,125.75,1.97,47.78,26.44,949,19,83.9,18.4,18.6,56.7,29.8,23.3,27.8,31.5,5.1,76.8,3,4.1,87.8,4.4,11,40.1,8.6
grid_137,28.638792,77.320533,2025-07-20T14:30:00Z,131.46,79.32,113.06,2.54,42.6,30.89,1030,11.5,42.9,19.2,18.9,65.6,37.7,21.8,45.1,49.3,4.8,71.3,3.9,11.1,90.5,9.4,12.2,42.2,8.2
grid_138,28.638792,77.322586,2025-07-20T14:30:00Z,142.04,81.91,118.46,2.35,60.55,25.77,1140,17.3,52.7,24,14.4,49.3,30.4,17.8,36,40.1,3.8,83.6,3.7,8.2,70.1,9.5,10.1,41,12.6
grid_139,28.638792,77.324639,2025-07-20T14:30:00Z,130.95,62.31,102.74,2.56,50.98,23.16,1273,13.4,72.7,17.6,14.7,50.7,33.8,17.7,44.8,41.3,2.6,75.5,2.1,10,86.3,6.2,17.4,27.6,13
grid_140,28.638792,77.326692,2025-07-20T14:30:00Z,153.15,68.23,122.24,4.17,59.26,25.41,1421,21.6,59.9,14.5,16.2,22.4,32.6,18.9,40.7,38.7,4.1,99.4,4.9,9.9,91.3,8.3,11.5,49.6,9.7
grid_141,28.638792,77.328745,2025-07-20T14:30:00Z,160.87,70.37,118.93,4.16,56.59,25.75,1581,21.9,74.2,18.8,17.1,43.6,20.2,21.3,42.5,33.1,3.6,113.1,3.5,11,60.6,9.9,17,48.3,7.1
grid_142,28.638792,77.330798,2025-07-20T14:30:00Z,142.81,74.97,104.63,2.51,47.91,23.59,1749,18.9,62.4,20.7,11.9,53.8,20.8,21.8,34.9,26,4.2,112.9,3.5,7.6,56.1,5.2,11.8,40.2,14.9
grid_143,28.638792,77.332852,2025-07-20T14:30:00Z,141.75,74.12,130.05,2.75,57,20.97,1924,19.4,53,14.1,13.1,32.7,34.2,10.5,48.8,45.1,3.7,87.2,3.9,6.6,70.6,6.5,13.6,22.1,10.8
grid_144,28.638792,77.334905,2025-07-20T14:30:00Z,162.65,84.97,135.21,3.69,64.54,26.49,2102,11.5,46.8,16,14.4,26.9,34.6,18,38.2,39.5,6.5,87.4,3.4,9.2,71.7,8.1,16.4,36.8,10.4
grid_145,28.638792,77.336958,2025-07-20T14:30:00Z,144.78,68.93,124.4,3.38,67.03,23.25,2285,13.4,42.3,20.7,10,56,33.6,11.1,45.2,59.5,3.4,111.9,3.2,6.4,99,5,8.2,36.1,8
grid_146,28.638792,77.339011,2025-07-20T14:30:00Z,137.74,87.55,143.99,3.52,66.2,31.41,2470,13.2,54.4,22.2,11.1,31.8,34.8,11.6,31.8,28.6,5.1,113.5,4.7,9.7,80.6,8.4,13.8,48.6,6.5
grid_147,28.640594,77.291789,2025-07-20T14:30:00Z,167.12,87.93,135.54,4.58,55.28,26.46,2404,14.5,45.6,12.3,11.8,38.3,23.8,11.7,44,42.5,4.3,114.3,5.1,6.6,87.9,8.2,13.6,52.1,9.4
grid_148,28.640594,77.293842,2025-07-20T14:30:00Z,141.42,76.88,130.89,4.06,65.27,28.01,2214,14.2,78.8,20.9,9.3,37.2,31.4,24.7,45.5,25.3,6.3,107.6,2.1,6.6,82.4,3.7,13.7,28.4,14.3
grid_149,28.640594,77.295895,2025-07-20T14:30:00Z,168.99,81.89,109.09,4.49,62.94,29.85,2025,19.5,57.4,15.9,10.4,53,36.2,15,42.9,27.3,3,115.1,6.1,4.4,88.1,7.5,15.2,48.1,14.5
grid_150,28.640594,77.297948,2025-07-20T14:30:00Z,159.62,77.68,133.82,2.61,59.43,18.98,1838,15.3,45.2,31.5,8.8,50.8,30,19.3,47.9,52,5.1,104.2,4.7,5.3,59.8,4.4,16.2,43.5,13.4
grid_151,28.640594,77.300002,2025-07-20T14:30:00Z,137.84,61.48,132.98,2.38,61.28,30.2,1655,19.5,63.6,28.6,9.8,61.3,25.4,24.4,26,55.5,5.3,86.1,6,9.6,68.2,9.1,9.9,41.1,8
grid_152,28.640594,77.302055,2025-07-20T14:30:00Z,155.28,64.67,103.13,2.79,58.86,17.69,1476,17.5,53.3,16,13.8,58.9,38,16.1,40.3,27.2,7.2,85.9,4.3,6.2,81,9.8,13.3,37.4,6.8
grid_153,28.640594,77.304108,2025-07-20T14:30:00Z,124.46,82.09,105.53,2.31,46.86,17.74,1304,22,61.6,31.1,7.6,52.6,35.9,12.7,23.4,45.1,3.6,117.1,6.3,8.5,95.3,4.5,12.9,26.7,6.5
grid_154,28.640594,77.306161,2025-07-20T14:30:00Z,150.61,74.36,127.53,2.28,50.13,18.18,1140,12.1,56.5,30.2,14.6,58.6,22.7,17.6,41.7,41.5,4.5,111.1,5.9,9.5,68.6,5.3,9.9,24.5,11.3
grid_155,28.640594,77.308214,2025-07-20T14:30:00Z,148.55,70.99,119.15,2.45,44.06,21.46,990,18.6,57.3,17.3,9.2,53.6,34.1,20.2,46.1,36.2,2.6,76.8,5.4,9.6,66,8.7,16.9,41.2,9.7
grid_156,28.640594,77.310267,2025-07-20T14:30:00Z,132.34,61.64,103.61,3.7,57.19,23.45,860,18.3,65.7,14.5,9.3,53.7,30.4,24.4,40.8,31.5,4.8,75.8,6.1,4,102.2,3.7,16.6,31.8,8.2
grid_157,28.640594,77.31232,2025-07-20T14:30:00Z,145.61,66.59,110.39,2.91,44.16,26.26,762,13.2,52.1,27.9,15.6,23.9,32.3,23.3,32.1,37.1,4.9,77.4,3.4,9.5,105.5,6.1,9.1,54.6,5.6
grid_158,28.640594,77.314373,2025-07-20T14:30:00Z,120.97,72.09,92.39,2.14,52.73,27.59,707,19,42.4,14.4,17.1,23.6,38.2,22.7,33.6,30.9,3.2,75.6,3.6,9.9,73,9.8,15.1,39,11.7
grid_159,28.640594,77.316427,2025-07-20T14:30:00Z,135.38,61.88,109.33,3.81,57.98,27.18,707,20.5,73.3,23,13.1,42.5,44.4,16.3,45.5,41.4,7.1,81.8,2.9,10.7,79.9,11,8.3,35,6.2
grid_160,28.640594,77.31848,2025-07-20T14:30:00Z,116.81,60.07,109.92,3.08,46.97,27.24,762,14.5,65.4,24.6,9.4,33.5,20.9,10.4,23.9,25.3,3.1,80.8,3.3,10.6,72.7,6.9,12.3,46.8,9.2
grid_161,28.640594,77.320533,2025-07-20T14:30:00Z,117.73,71.52,114.34,2.06,47.78,19.38,860,14.8,73.3,22.2,16.1,49.8,28,22.6,21.5,48.8,7.3,119.1,3.6,10.9,79.1,8,16.7,53.9,11.9
grid_162,28.640594,77.322586,2025-07-20T14:30:00Z,128.91,73.68,118.92,2.88,44.68,23.75,990,14.8,55.9,16.2,13.3,64.2,31.1,19.2,18.4,46.7,4.3,92,5.8,8.4,57,10.9,14.5,51.8,6.7
grid_163,28.640594,77.324639,2025-07-20T14:30:00Z,120.19,80.76,121.51,2.07,58.84,26.73,1140,10.1,45.6,13.8,14.8,50.5,26.3,24.6,44.5,59.5,3,104.4,4.2,6.2,101.5,9.5,16.2,32.3,12.6
grid_164,28.640594,77.326692,2025-07-20T14:30:00Z,157.8,68.83,125.71,3.99,45.86,22.72,1304,16.8,63.4,20.7,9.5,30.7,37.1,17.4,46.5,36,6.3,78.4,3.3,8.7,94.4,8.3,11.7,45.3,7.2
grid_165,28.640594,77.328745,2025-07-20T14:30:00Z,154.1,79.76,115.26,2.32,54.81,21.45,1476,18.5,70.1,27.9,8.7,64.3,36.7,15.1,19,34.5,3.7,77.9,2.2,5.7,106.1,7.1,15.2,24.1,8.4
grid_166,28.640594,77.330798,2025-07-20T14:30:00Z,153.58,70.61,114.37,3.63,63.3,20.01,1655,12.8,86.3,21.3,18.2,24,20.7,16,19.5,28.1,6.2,98.4,4.7,10.7,109.6,8.5,11.8,29.9,11.7
grid_167,28.640594,77.332852,2025-07-20T14:30:00Z,143.22,68.99,120.04,2.95,46.24,32.11,1838,11.6,70.4,31.6,8.3,23.9,40.9,19.4,23.6,42.6,4.2,98.1,4.6,8.7,71.3,7.1,12.5,38,8.3
grid_168,28.640594,77.334905,2025-07-20T14:30:00Z,166.2,77.12,134.42,4.45,51.18,28.6,2025,20.6,40.1,14.2,17.9,22.9,21.3,24.5,45.8,45.5,2.8,70.5,4.4,5.3,80.8,8.8,12.5,32,9.8
grid_169,28.640594,77.336958,2025-07-20T14:30:00Z,166.84,72.12,113.56,3.28,55.85,32.21,2214,11.4,62.9,14.3,13.2,35.2,43.5,19.9,19.3,58.2,4,69.4,4.7,9.4,82.2,3.3,10.1,54.1,13.5
grid_170,28.640594,77.339011,2025-07-20T14:30:00Z,150.37,70.33,119.52,2.87,55.29,22.88,2404,16.2,51.8,24.7,8.9,65.2,37.2,23.1,39.1,50.4,2.8,117.4,5.9,9.4,89.3,10,11.8,51.6,14.4
grid_171,28.642395,77.291789,2025-07-20T14:30:00Z,171.76,90.01,137.48,3.95,64.11,25.23,2354,21.8,50.8,23,10.5,33,38,24.4,43.2,51.3,4.9,87.5,4,8.6,105.4,9.5,12.9,27.5,13.2
grid_172,28.642395,77.293842,2025-07-20T14:30:00Z,168.07,76.86,134.89,3.32,61.5,28.05,2159,12.2,50,12.1,10.7,42.7,40.5,19.5,28.9,47.5,4.2,77.7,3.5,5.7,55.4,4.7,16.3,40.3,14.1
grid_173,28.642395,77.295895,2025-07-20T14:30:00Z,143.67,79.92,113.84,2.58,65.02,26.61,1965,20.3,64.1,14.4,8.1,56.2,37.9,13.1,18.5,32.9,5.6,119.7,4.7,7.7,66.5,6.8,10.3,49.7,5
grid_174,28.642395,77.297948,2025-07-20T14:30:00Z,164.02,74.36,128.85,3.01,62.95,24.17,1772,11.7,49,13.8,16,57.5,39.8,15.1,31.2,46.3,4.9,88.6,4.4,7,93.6,3.5,10.9,33,6.1
grid_175,28.642395,77.300002,2025-07-20T14:30:00Z,153.35,80.5,118.02,4.09,61.78,19.39,1581,15.8,63.1,28.8,16.9,61.1,27,22.2,31.5,49.4,4.9,114.9,5.7,4.8,58,3.3,15,43.8,8.3
grid_176,28.642395,77.302055,2025-07-20T14:30:00Z,152.72,67.36,104.35,3.28,60.43,20.1,1393,21.2,81.2,23.4,17.1,64.2,36.1,17.4,19,48.5,6.1,75.3,6.7,7.3,84.4,9.6,8.7,52.9,7.6
grid_177,28.642395,77.304108,2025-07-20T14:30:00Z,152.37,63.94,103.47,2.56,61.15,28.27,1208,13.7,56.7,19.4,12.5,44.9,24.5,18.2,46.5,59.1,6.2,67.5,3.8,9.5,55.5,5.9,8.5,39.6,14
grid_178,28.642395,77.306161,2025-07-20T14:30:00Z,120.26,74.96,95.87,3.58,60.18,23.88,1030,17.4,66.2,14.1,13.2,47.2,26.2,16,36.3,36,2.9,120.3,6.6,8.1,82.9,8.4,16.1,40.4,8.9
grid_179,28.642395,77.308214,2025-07-20T14:30:00Z,150.03,55.73,119.82,3.92,44.88,30.44,860,11.6,87.6,28.6,12.8,54.2,42.2,13.7,38.9,42.9,6.8,89.3,3.4,9.6,90.5,3.7,8.2,22.9,5.8
grid_180,28.642395,77.310267,2025-07-20T14:30:00Z,127.37,76.73,102.08,3.16,39.86,15.71,707,11.9,86.1,12,20,30.8,27.2,18.1,47.1,47.9,6.5,110.3,4.1,9.1,103.9,4.8,10.4,35.2,12.7
grid_181,28.642395,77.31232,2025-07-20T14:30:00Z,123.95,63.13,95.23,3.23,50.4,28.25,583,13.6,59,14.6,15.1,61.8,26.1,13.5,19,58.7,2.6,69.4,4.8,8.2,61.6,3.4,16.1,31.4,13.7
grid_182,28.642395,77.314373,2025-07-20T14:30:00Z,142.32,70.58,93.8,3.44,52.47,25.12,510,19.6,79.4,30.8,18.2,51.6,41.1,20.7,32.4,52,3.4,110.7,3.8,6.3,78.3,4.5,12.8,41.9,10.6
grid_183,28.642395,77.316427,2025-07-20T14:30:00Z,145.93,62.88,109.68,3.55,57.04,23.97,510,20.7,58.5,25.3,16.3,32.2,27.9,13.4,32.5,49.1,6.5,86.1,4,8,75.4,7.8,8.8,37.2,7.4
grid_184,28.642395,77.31848,2025-07-20T14:30:00Z,146.19,61.83,101.78,3.13,44.04,17.87,583,20.8,60.8,23.5,15.5,44.7,22,24.6,47.3,51.3,4.2,69.6,4.2,6.8,66.7,8.3,15.2,44.5,7.5
grid_185,28.642395,77.320533,2025-07-20T14:30:00Z,136.8,66.01,99.74,3.77,54.26,16.79,707,10.9,77,12.9,12.8,59.8,44.4,17.1,36.2,52.8,3.3,77.3,2.3,6.6,84.2,7.8,7.5,25.5,13.6
grid_186,28.642395,77.322586,2025-07-20T14:30:00Z,124.07,67.39,112.83,2.04,47.52,23.58,860,14.4,42.1,30.9,13.4,59.9,26.8,24.7,34.8,47.7,5.2,66.3,4.9,7.5,102.3,9.6,12.7,30.2,5.7
grid_187,28.642395,77.324639,2025-07-20T14:30:00Z,123.34,61.5,100.04,2.84,49.78,29.19,1030,18.7,59.8,21.9,15.8,27,20.3,17,48.5,34.4,4.1,110.9,6.9,5.6,100.3,10.8,9.3,29.7,14.9
grid_188,28.642395,77.326692,2025-07-20T14:30:00Z,125.92,75.94,120.25,3.17,42.97,19.12,1208,14.4,77.2,29.9,13.4,65.2,34,19.3,34.2,36,2.7,118.9,5.7,4.2,57.1,10.5,16.2,46.2,13.1
grid_189,28.642395,77.328745,2025-07-20T14:30:00Z,134.82,68.97,110.68,3.02,57.25,23.24,1393,12.4,76.9,31.2,19.2,58.6,23.2,21.7,39.1,47.5,5.5,114.3,4.3,5.8,94.9,5.2,10.2,24.2,7
grid_190,28.642395,77.330798,2025-07-20T14:30:00Z,143.14,67.42,105.69,3.48,53.29,17.9,1581,13.3,75.7,22.7,19.2,44.8,32.7,22.1,38,56.6,4.9,79.5,6.8,10.4,87.1,3.3,12.9,54,7.9
grid_191,28.642395,77.332852,2025-07-20T14:30:00Z,127.1,80.5,115.14,2.47,61.65,29.6,1772,10.2,60,22.2,7.9,40.4,24.3,19,31.2,32.9,5.4,92.1,5.7,6.8,64.7,8.7,7.6,51,7.1
grid_192,28.642395,77.334905,2025-07-20T14:30:00Z,144.75,71.36,122.85,2.78,48.99,33.88,1965,12.9,84,29.4,15.6,25.8,41.7,20.7,48.8,36.4,5.8,77.7,6.9,6.6,89.9,9.4,15,38.8,6.8
grid_193,28.642395,77.336958,2025-07-20T14:30:00Z,156.14,76.75,143.87,3.98,58.49,23.87,2159,20.7,43.9,22.2,9.4,61.6,43,11.7,29.3,25.3,6.5,117.7,5.4,6.9,99,5.2,8.1,37.9,8.2
grid_194,28.642395,77.339011,2025-07-20T14:30:00Z,169.41,87.07,123.68,4.28,56.1,33.11,2354,13.9,52.7,19.7,8.6,63.7,24.8,19,41.5,55.5,4.6,74.1,3.8,4.8,109.6,5.8,13.2,53.8,10
grid_195,28.644197,77.291789,2025-07-20T14:30:00Z,158.65,73.44,131.39,4.44,52.45,21.04,2319,11.8,72.9,14.9,10.8,61.7,21.4,15.6,21.1,40.7,4.4,103.6,5.1,7.8,57.2,4.5,15.3,33,6.7
grid_196,28.644197,77.293842,2025-07-20T14:30:00Z,145.54,75.34,127.81,2.6,49.12,26.3,2121,10,60.4,15,14.1,49.7,22.4,11.1,35.7,41.1,5.6,113.5,5.7,8.4,68.9,9.8,13.2,41,7.7
grid_197,28.644197,77.295895,2025-07-20T14:30:00Z,142.64,79.45,116.39,3.56,47.41,21.6,1924,21.9,51.9,22,13.3,63.1,20.8,19.1,48.1,27.7,3.8,104.9,4.1,10.9,60.8,9.9,10.8,26.3,12.6
grid_198,28.644197,77.297948,2025-07-20T14:30:00Z,164.17,80.57,114.05,3.52,53.61,28.62,1726,20.8,50,18.8,18.9,32.8,35.8,13.1,33.2,41.2,5.2,116.4,5.6,6.8,89.4,7.1,10.1,40.1,11.8
grid_199,28.644197,77.300002,2025-07-20T14:30:00Z,138.93,65.99,132.49,2.82,48.86,31.48,1530,11.8,58.8,25.9,19.3,34.3,24.7,15.6,28.9,32.3,7.4,92.4,5.4,7.5,93.5,7.8,13.5,24.4,14.5
grid_200,28.644197,77.302055,2025-07-20T14:30:00Z,151.42,64.85,111.52,3.55,62.02,27.48,1334,17,83.2,18.7,9.4,33,29.4,19.3,35.1,35.4,6.2,113,4.7,8.6,87.6,8.8,11.6,22.4,13.7
grid_201,28.644197,77.304108,2025-07-20T14:30:00Z,122.09,72.76,110.49,2.48,45.76,20.37,1140,13.9,60.1,23.2,15.2,51.9,42.1,11,37.3,33.7,3,72.4,6.2,8.4,55.4,3.4,11.9,48.8,11.1
grid_202,28.644197,77.306161,2025-07-20T14:30:00Z,116.35,77.04,116.87,2.59,59.4,26.21,949,16.2,79.4,20.2,18.2,53.1,28.6,23.1,27.6,27.4,7.4,107.5,6,5.8,59.6,10.7,8.7,44.3,8.5
grid_203,28.644197,77.308214,2025-07-20T14:30:00Z,136.83,65.1,100.78,3.59,55.83,29.59,762,11.3,72.9,31.3,10.2,53.8,28.7,22.3,24,25.4,2.7,89.8,5.4,8,94.5,10.2,12,34.1,14.4
grid_204,28.644197,77.310267,2025-07-20T14:30:00Z,109.4,58.43,120.47,2.7,45.4,21.72,583,21.8,56,14,10.4,65.7,28.4,18,20.8,43.9,6.4,114.6,3.4,11.5,82.7,6,16.7,23,9.2
grid_205,28.644197,77.31232,2025-07-20T14:30:00Z,142.88,76.01,116.94,2.09,43.92,27.3,424,15.2,83.1,18.5,20,33.7,36.1,19.1,28.8,58.5,3.7,111.4,3.1,5.7,99.6,9,8.5,34.7,9.9
grid_206,28.644197,77.314373,2025-07-20T14:30:00Z,137.89,74.03,117.8,2.54,46.48,23.74,316,14,71.6,29.6,18.6,61.6,29.4,13.2,45.2,43.7,6,94.8,4,10.6,109.2,4.9,11,45.3,6.3
grid_207,28.644197,77.316427,2025-07-20T14:30:00Z,118.35,61.59,110.2,2.39,51.12,23.57,316,14.3,60,28.3,13,37.5,25.1,16.3,25.1,34.9,5.6,73.1,2.5,10.1,105.7,3.7,10.6,51.8,5.4
grid_208,28.644197,77.31848,2025-07-20T14:30:00Z,127.03,65.54,91.19,3.05,49.37,28.79,424,11.3,45.3,30.4,19.2,65,25.3,17.3,37.9,46.4,3.7,80.1,6.8,6.6,58.9,4.5,16.3,34.4,8.8
grid_209,28.644197,77.320533,2025-07-20T14:30:00Z,148.14,68.15,113.91,1.82,47.05,20.05,583,17.8,67.3,19.4,11.7,64.6,20.8,10.7,19.6,46.5,6.5,112.7,4.8,7.5,89.6,6.8,14.6,45.2,8.1
grid_210,28.644197,77.322586,2025-07-20T14:30:00Z,122.22,74.85,111.99,2.66,43.05,27.43,762,21.9,50.3,14.7,18.2,46.6,42.7,23.1,25.4,50.4,2.7,73.9,4.4,6.4,75.6,7.4,7.9,44.7,13.6
grid_211,28.644197,77.324639,2025-07-20T14:30:00Z,132.3,62.16,112.49,2.32,56.75,18.42,949,14.7,65.9,18.6,14.6,23.7,27.6,20.3,46.2,37.1,3.1,90.9,3.6,9.7,100.5,8.7,9.9,34.6,5.9
grid_212,28.644197,77.326692,2025-07-20T14:30:00Z,151.7,74.63,106.89,4,50.03,19.9,1140,14.8,45.6,25.2,19.8,38.3,30.7,11.7,22.8,31.7,4.4,74.8,5,10.5,85.8,9.1,16.7,32.2,9.7
grid_213,28.644197,77.328745,2025-07-20T14:30:00Z,140.74,66.07,100.26,3.68,61.21,28.9,1334,16.6,58.7,31.2,7.9,37.7,32.3,16.4,42.7,52.6,7.1,110.7,5.3,7.7,62.6,6.4,14,28.4,14.4
grid_214,28.644197,77.330798,2025-07-20T14:30:00Z,148.46,80.89,131.46,3.41,47.48,17.8,1530,18.6,85.5,18.4,18.9,39.8,34.4,12.5,22.4,40.5,6.1,78.9,2.5,10.8,101.2,7,14.9,30,9.3
grid_215,28.644197,77.332852,2025-07-20T14:30:00Z,154.19,69.49,134.32,2.5,47.71,18.92,1726,19.1,67.6,14.6,9.2,42,35.8,22.3,34.7,42.8,7.1,103.2,4.8,7.3,66.4,10.7,16.7,28.8,14
grid_216,28.644197,77.334905,2025-07-20T14:30:00Z,162.49,75.92,139.22,4.12,49.77,29.43,1924,18.5,42.6,24.6,16.5,29.7,39.1,22,38,59.5,4.8,97.1,6.8,10.5,65.6,6.3,12.4,23.5,15
grid_217,28.644197,77.336958,2025-07-20T14:30:00Z,148.78,89.6,143.06,3.61,54.85,29.04,2121,17.9,70.6,20,9.2,62.7,33.6,17.6,37.6,44.3,6.3,108.3,5.3,4,69,7.8,14,41.5,7.8
grid_218,28.644197,77.339011,2025-07-20T14:30:00Z,156.83,87.48,124.96,3.42,63.56,26.48,2319,18.6,46.9,31.3,15.6,25.5,33,18.6,27.7,56,6,106.2,6.5,9.7,94.4,5.2,16.1,35.8,7.3
grid_219,28.645999,77.291789,2025-07-20T14:30:00Z,161.55,88.97,137.09,3.21,56.01,23.44,2302,11.2,78.2,22.4,18.5,31.3,35.1,16.7,42.9,33.7,3.3,90.9,6.2,10.7,86.8,10,10.4,26.3,9.9
grid_220,28.645999,77.293842,2025-07-20T14:30:00Z,140.6,65.38,128.83,4.29,52.36,32.52,2102,18.4,58.9,27,18.5,43.5,44.7,19.2,43.6,51.2,2.5,87.6,5.1,9.1,97.5,5.6,8.5,23,5.8
grid_221,28.645999,77.295895,2025-07-20T14:30:00Z,160.24,80.29,106.66,3.46,51.62,20.43,1903,11.8,64.6,17.9,8,23.3,28.9,11.8,33.1,27.6,3.7,86.7,4.4,8,97.1,6.6,15.3,23,10.8
grid_222,28.645999,77.297948,2025-07-20T14:30:00Z,143.89,66.13,136.48,3.03,58.54,31.09,1703,10.7,51.3,23.5,16.8,26.5,23.3,16.8,40.1,41.9,4.3,120.5,6.6,10.6,96.5,8.2,7.8,25.7,11.6
grid_223,28.645999,77.300002,2025-07-20T14:30:00Z,130.65,79.88,104.96,2.37,50.33,24.71,1503,15.6,60.4,14.1,9,36.9,22.8,15.4,23.3,57.3,3.2,99.8,2.8,6.2,77.3,9.2,9.1,26.1,10.2
grid_224,28.645999,77.302055,2025-07-20T14:30:00Z,129.56,75.43,121.5,3.88,60.07,20.49,1304,15.6,72.3,20.7,19.5,54,40.2,22.3,50,32.2,4,108.3,4.6,7.3,72.2,5.1,16.9,29,10.9
grid_225,28.645999,77.304108,2025-07-20T14:30:00Z,118.82,72.79,115.4,3.25,52.02,26.67,1105,16.5,87,30.3,9.3,41.4,37.2,12.1,32,55.9,5,96.7,5.6,8.7,55.2,3,13.6,33,5
grid_226,28.645999,77.306161,2025-07-20T14:30:00Z,136.61,58.12,99.69,2.29,43.11,24.93,906,18.7,75.3,30.8,18.7,50.2,32.2,11.2,22.2,41,2.7,120.7,5,8.5,80.8,11,10.2,39.7,14.4
grid_227,28.645999,77.308214,2025-07-20T14:30:00Z,144.77,56.68,109.7,2.51,45.96,26.82,707,15.6,81.9,28.8,12.9,53.2,30.1,11.5,48.1,58.3,2.7,119.5,4.1,9.8,101.9,6.5,11.8,47.6,7.4
grid_228,28.645999,77.310267,2025-07-20T14:30:00Z,119.25,59.4,117.08,3.31,53.13,24.95,510,19,86.9,30.6,19.4,43,39.1,18.3,35,43.6,3.7,114.5,7,9.2,91,9,10.5,41.4,6.1
grid_229,28.645999,77.31232,2025-07-20T14:30:00Z,113.75,69.83,112.51,2.57,51.21,21.06,316,17,66.7,29.7,11,39.7,35.2,19.4,20.1,52.9,3.7,77,4.8,8.5,81.5,9.7,13,35.5,8.5
grid_230,28.645999,77.314373,2025-07-20T14:30:00Z,134.77,71.33,96.77,1.75,50.34,27.45,141,12.5,46.6,14.3,15.6,25.8,43.1,22.5,23.8,43.3,7.2,117.8,3.5,8.9,80.2,7.3,14.8,32.4,13.6
grid_231,28.645999,77.316427,2025-07-20T14:30:00Z,125.36,64.34,84.84,3.27,40.05,19.82,141,22.1,47.8,29.7,8.5,23.7,31,20.1,23.6,46.3,5.8,106.4,4.9,10.6,79.1,10.3,14.1,51.8,7.1
grid_232,28.645999,77.31848,2025-07-20T14:30:00Z,136.38,57.83,91.16,2.04,47.72,17.28,316,15.8,64,26.6,7.6,26.1,34.7,18.8,20.8,25.6,3.1,118.5,6.9,4.3,65.7,3.6,16.5,30.3,5.2
grid_233,28.645999,77.320533,2025-07-20T14:30:00Z,108.93,72.04,108.17,3.46,49.64,19.46,510,12.7,73.3,13,8,64.9,37.2,13.7,41.1,49.3,6.3,119.1,2,6.7,96.8,4.9,15.2,42.5,5.1
grid_234,28.645999,77.322586,2025-07-20T14:30:00Z,127.32,71.05,98.52,3.56,45.56,22.21,707,19.1,65.5,13.7,18.2,31.2,27,15.7,30.8,41.1,5,113.7,3.3,10.3,61.8,5.2,11,32.9,7.1
grid_235,28.645999,77.324639,2025-07-20T14:30:00Z,117.31,58.02,125.13,2.5,59.28,18.81,906,11.8,79.7,13.4,11.3,42.5,41.7,17.8,26.5,36.8,3.8,91.1,6.4,8.8,63.8,3.8,8.8,43.1,14.8
grid_236,28.645999,77.326692,2025-07-20T14:30:00Z,118.26,67.77,117.07,3.38,55.37,16.82,1105,11,61.6,22.6,19.6,23.7,20.8,23.9,19.7,33.4,6,76.7,3,9.7,67.6,6.9,11.6,28.9,11.6
grid_237,28.645999,77.328745,2025-07-20T14:30:00Z,131.47,69.23,100.6,3.49,48.67,25.42,1304,11.4,65.3,23.3,13.4,41.1,37.6,24,25,26,3.6,112.4,4.4,8.1,108.8,10.3,12.7,30.2,13.9
grid_238,28.645999,77.330798,2025-07-20T14:30:00Z,129.96,68.51,130.34,2.81,61.5,18.68,1503,14.5,59.7,24,9.3,32.5,38.8,10.9,29.9,27.7,7.1,73.7,5,10.4,74.2,9.5,7.8,49.2,6.9
grid_239,28.645999,77.332852,2025-07-20T14:30:00Z,144.75,84.79,118.76,4.1,53.68,19.81,1703,16,61.6,12.4,14.8,45.6,26.4,17.9,19.5,50.3,2.9,72.3,6.1,4.6,89.2,6.9,12.2,36.5,6
grid_240,28.645999,77.334905,2025-07-20T14:30:00Z,161.24,86.15,119.47,3.01,54.85,31.26,1903,18.3,68.9,30.3,17.3,42,22.9,16.7,27.9,36.3,2.6,77.4,4.4,5.7,75.2,4.8,8.5,54.2,7.6
grid_241,28.645999,77.336958,2025-07-20T14:30:00Z,144.98,74.22,141.16,3.68,67.53,33.01,2102,14.2,50.8,15.5,8.7,57.3,31.7,11.4,36.9,29.5,3.6,111.2,2.9,5.1,77.5,8.1,14.7,23.5,12
grid_242,28.645999,77.339011,2025-07-20T14:30:00Z,158.34,88.91,125.91,3.11,64.8,26.99,2302,17.7,60.7,21,15.7,60.4,43.6,21.3,26.4,46.2,3.2,99,6.6,6.6,79.2,5.2,17.2,50.5,5.9
grid_243,28.647801,77.291789,2025-07-20T14:30:00Z,168,74.45,132.6,4,61.88,30.61,2302,19.8,63.5,25.8,12.2,31.5,44.2,21.2,48.4,50.3,6.1,89.9,6.1,7,98.6,3.7,10.9,47.6,9.6
grid_244,28.647801,77.293842,2025-07-20T14:30:00Z,134.43,87.5,123.07,2.9,56.72,32.49,2102,21.2,53,22.5,20,60.2,31,20.2,32.7,27.7,3.5,110.5,4.5,10.5,107.2,5.1,9.9,33.5,7.6
grid_245,28.647801,77.295895,2025-07-20T14:30:00Z,139.22,69.58,112.03,2.74,50.48,25.15,1903,10.1,59.6,15.3,15,49.4,35.1,11.6,21.6,59.7,3.8,115.9,6,5.8,61.5,7.3,14.2,26.6,14.7
grid_246,28.647801,77.297948,2025-07-20T14:30:00Z,162.06,74.15,118.24,2.4,64.32,18.8,1703,16.8,55.5,30.8,19.5,37,38.7,11.8,26.6,43.4,2.9,120,2.3,7.4,86.9,5.1,10.1,25.1,6
grid_247,28.647801,77.300002,2025-07-20T14:30:00Z,147.52,65.02,117.61,3.7,55.09,25.39,1503,21.9,54.4,13.5,11.1,45.7,26.4,11.3,37,41.4,3.5,116.7,6,5.6,73.6,10.6,10.8,42.2,6.5
grid_248,28.647801,77.302055,2025-07-20T14:30:00Z,144.72,78.53,126.21,3.53,61.04,31.62,1304,12.8,86.8,14.7,13.3,62,41.6,12.9,42.1,44.9,6.1,106.6,3,10.5,65.1,9.7,7.8,50.3,13.3
grid_249,28.647801,77.304108,2025-07-20T14:30:00Z,117.28,77.65,104.62,3.75,56.81,25.49,1105,13.8,48.4,17.8,16.6,24.9,36.8,14.4,45.7,46.6,2.9,84.1,6,9.4,95.6,3.2,10.4,55,5.8
grid_250,28.647801,77.306161,2025-07-20T14:30:00Z,117.41,61.46,101.17,2.58,52.78,19.98,906,11.9,63.8,17.9,8.4,40.4,29.3,21.1,35.2,32.9,2.9,114.5,6.3,8.3,106.3,6.5,17.2,22.3,12
grid_251,28.647801,77.308214,2025-07-20T14:30:00Z,127.57,78.04,114.4,1.95,42.32,15.62,707,14.1,70.5,19.8,11.8,32.3,22.7,21,38.1,32.1,5,97.2,3.8,4.7,102.7,4.5,8.3,35.8,8.3
grid_252,28.647801,77.310267,2025-07-20T14:30:00Z,134.74,65.9,101.6,2.78,52.86,25.4,510,21.6,42.5,22.6,11.4,64.3,41,21.4,43.6,39.4,2.8,83.1,4.4,10.2,102.2,5.3,10.8,49.4,8.7
grid_253,28.647801,77.31232,2025-07-20T14:30:00Z,119.73,70.2,96.13,2.14,48.02,14.51,316,14.5,67.4,28.8,16,62.1,36,19.1,47.5,36.3,5.2,86.5,6.9,4.5,72.8,5.3,14.6,34.3,11
grid_254,28.647801,77.314373,2025-07-20T14:30:00Z,104.43,72.46,93.08,1.71,45.12,13.66,141,11.1,85.7,23.4,16.7,57.4,37.3,20.1,29.8,36.2,4.1,80.9,6.3,4.7,60.4,5.5,7.6,23.1,9.1
grid_255,28.647801,77.316427,2025-07-20T14:30:00Z,107.6,72.92,98.03,1.92,39.76,13.6,141,18.7,57.7,16.4,17,62.8,23.4,17.1,35.6,40.8,7.3,117.9,4,4.3,63.7,9.9,14.7,28.8,7.8
grid_256,28.647801,77.31848,2025-07-20T14:30:00Z,142.13,54.65,112.44,1.9,52.9,24.81,316,15.4,86.9,13.4,13.3,33.3,37.1,16.8,26.4,44.8,2.6,107.9,6.5,10.7,83.3,7.1,9.4,24.9,9.7
grid_257,28.647801,77.320533,2025-07-20T14:30:00Z,125.66,75.43,109.1,3.21,39.97,28.42,510,21.8,71.5,24.1,18.3,42.1,42.7,10.7,23.1,57.2,5.8,117.8,2.5,11.2,82.6,9.6,14.2,38.8,14.1
grid_258,28.647801,77.322586,2025-07-20T14:30:00Z,130.67,68.26,121.41,2.46,57.28,17.82,707,13.8,46.7,23.6,9.7,54,37,18.6,19.2,32.6,2.9,117.2,5.8,10.8,59.8,9,14.7,32.5,14.9
grid_259,28.647801,77.324639,2025-07-20T14:30:00Z,127.2,77.21,94.12,2.15,55.73,25.23,906,15.2,76.3,18.9,9.4,65.6,34.5,24,50.4,35.8,7.2,67.9,3,9.8,77.9,8.3,14.1,44.6,6.2
grid_260,28.647801,77.326692,2025-07-20T14:30:00Z,128.68,73.23,112.93,3.18,52.79,19.87,1105,15.8,44.3,12.8,16.6,37.5,28.6,18.5,39.5,51.1,3.8,85.7,6.1,4,73.1,5.2,13.7,27.8,14.8
grid_261,28.647801,77.328745,2025-07-20T14:30:00Z,147.63,74.78,106.17,3.58,53.32,30.44,1304,19.8,68,30.4,19.1,24.5,40.5,21.2,44.4,51.9,2.8,76.5,5.6,8.4,61.8,6.9,14.3,27,5.7
grid_262,28.647801,77.330798,2025-07-20T14:30:00Z,158.12,82.13,125.88,4,55.82,29.97,1503,22.3,44.5,25.7,14.2,48.4,27.8,14.9,18.3,32.9,6.7,91.7,2.5,4.1,71.5,7.1,14.9,32.3,14.7
grid_263,28.647801,77.332852,2025-07-20T14:30:00Z,143.34,81.79,129.49,3.2,63.62,29.78,1703,10.2,41.5,12.2,13.6,62.4,30.7,24.6,47,33.5,7,90.5,3.8,11,98.3,6.9,8.5,42.8,5
grid_264,28.647801,77.334905,2025-07-20T14:30:00Z,160.63,75.11,129.63,3.24,46.53,19.18,1903,21,82,16,7.9,51.9,44.5,18.9,40.6,32.4,3.3,85.1,2.4,5.9,72.4,8.2,15.9,49.7,13.3
grid_265,28.647801,77.336958,2025-07-20T14:30:00Z,156.46,65.38,134.61,3.04,62.76,31.03,2102,16.2,78.6,14.9,7.6,63.3,33.9,15.4,49,30.7,5.3,100.3,2.4,11.3,58.1,5.3,8.6,41.8,12.4
grid_266,28.647801,77.339011,2025-07-20T14:30:00Z,158.74,84.48,131.26,3.58,50.7,23.67,2302,19.2,85.6,12.2,14.5,53.4,39.7,15.3,25.6,49.8,5.3,67,5.5,9.5,102.4,7.4,11.7,36.5,5.8
grid_267,28.649603,77.291789,2025-07-20T14:30:00Z,164.1,72.98,135.99,3.57,54.23,30.3,2319,19.5,84.4,17.6,16.4,55.3,20.6,14.7,19.9,34.4,4.7,89.9,6.5,4.6,109.9,8,8.4,22,13
grid_268,28.649603,77.293842,2025-07-20T14:30:00Z,132.48,68.5,136.99,4.12,57.51,32.76,2121,11.3,47.7,31,11,23,42,23.8,20.7,55,5.3,73,3.2,10.8,64.8,8.2,7.8,47.1,14.7
grid_269,28.649603,77.295895,2025-07-20T14:30:00Z,130.75,68.02,140.49,4.2,57.65,28.92,1924,21.1,70,19.2,8,32.3,40.7,11.4,48.2,50,3.7,108,6,9.9,68.1,6,13.3,51.3,7
grid_270,28.649603,77.297948,2025-07-20T14:30:00Z,129.07,71.18,135.92,3.04,62.55,20.39,1726,21.7,53.7,23.1,10.7,42.2,27.2,12.3,22.1,31.6,4.5,118.5,3.2,10,67.1,8.7,15.2,30.5,6.6
grid_271,28.649603,77.300002,2025-07-20T14:30:00Z,126.46,68.65,127.2,2.66,55.18,19.77,1530,19.5,84.1,27.1,16.6,46.8,40.2,24.9,44.5,35.1,5.8,78.6,4.3,4.4,72.1,6.9,7.6,48.9,8.4
grid_272,28.649603,77.302055,2025-07-20T14:30:00Z,140.11,79.99,115.86,3.41,57.58,23.73,1334,12.2,81.7,17.7,13.8,34.7,35.2,17.5,46.4,51.3,7.1,112.3,5.1,6.7,74.3,10.4,13,52.7,6.4
grid_273,28.649603,77.304108,2025-07-20T14:30:00Z,128.48,64.27,126.31,2.48,53.58,24.45,1140,20.8,79.7,20.3,18.3,60.3,28.5,17.3,26.6,42.8,5.1,101.5,6.1,7.8,57.9,4.6,11.6,49,9.4
grid_274,28.649603,77.306161,2025-07-20T14:30:00Z,121.27,57.46,103.75,3.57,49.23,27.11,949,13.7,48.9,31.2,7.7,60.4,43.6,16.8,28.1,29.2,2.5,114.3,2.3,9,92.8,4.4,9.6,51.5,6.9
grid_275,28.649603,77.308214,2025-07-20T14:30:00Z,115.02,70.78,95.49,3.75,46.85,27.77,762,12.1,61.8,25.7,17.8,41,43.8,18.1,31.9,47.6,6.2,108.1,6.7,7.2,60,9.6,15.2,52.3,12.7
grid_276,28.649603,77.310267,2025-07-20T14:30:00Z,125.4,69.08,91.67,2.16,49.74,24.01,583,13.5,79.9,26.9,15.8,30,25,22.7,46.7,53.2,4,102.9,4.3,6,104.3,9.1,11.6,32.3,12.4
grid_277,28.649603,77.31232,2025-07-20T14:30:00Z,125.36,60.37,109.82,2.08,45.09,27.08,424,13.8,69,30,17.8,64,29.7,16.7,37.2,42.6,4.8,84,5.7,10.7,87.2,6,16.5,37.3,5.6
grid_278,28.649603,77.314373,2025-07-20T14:30:00Z,108.37,61.33,99.49,2.98,40.09,23.65,316,14.1,69.4,14,17.7,23.4,31.9,14.1,19.1,39.6,2.5,112.7,6.3,11.4,66.5,3.6,8.8,34,7.1
grid_279,28.649603,77.316427,2025-07-20T14:30:00Z,127,65.07,116.47,2.39,41.7,28.77,316,10.5,75.1,15.3,17.6,29.1,36.8,21.4,45.4,27.4,2.8,68.6,2.2,7.2,60.9,7.9,13.4,50.6,6.1
grid_280,28.649603,77.31848,2025-07-20T14:30:00Z,139.83,75.23,101.36,2.53,38.35,18.81,424,10.1,60.1,20,14.8,36.3,26.3,21.2,29.2,46.9,6.4,73,2.1,8.1,88.3,4.1,10.5,40.1,12.2
grid_281,28.649603,77.320533,2025-07-20T14:30:00Z,111.83,74.8,117.32,2.56,44.13,24.41,583,12.4,71.4,22.9,18.1,34.1,24.7,22.1,24.4,35.7,5.8,72.9,4.3,10.7,62.6,6.7,17.5,27.7,9.8
grid_282,28.649603,77.322586,2025-07-20T14:30:00Z,119.86,74.03,112.93,2.34,59.27,28.64,762,10.6,80.4,25.5,19.4,58.1,40.3,11.7,19.6,47.9,7.5,95.6,4.7,10.5,109.6,9.8,11.2,31,7.8
grid_283,28.649603,77.324639,2025-07-20T14:30:00Z,120.5,71.09,102.17,2.91,59.16,20.92,949,17.5,60.9,17.6,10.9,22.6,39.1,13.4,33.2,53.8,3.2,106.6,3.4,5.7,86,9.5,8.7,22.2,7.8
grid_284,28.649603,77.326692,2025-07-20T14:30:00Z,147.52,61.45,97.81,3.61,59.79,21.16,1140,16.4,43,31.8,7.8,49,20.5,20.7,34.8,26.4,3.4,101.3,3.4,7.5,88.6,7.9,13.5,46.8,11.4
grid_285,28.649603,77.328745,2025-07-20T14:30:00Z,150.11,61.31,112.14,2.85,61.05,26.85,1334,13.6,68.4,28.9,9.7,48.2,30.8,17.8,28.2,30.5,7,66.6,2.1,6.6,71.3,4.4,16.4,54.3,12.8
grid_286,28.649603,77.330798,2025-07-20T14:30:00Z,150.89,65,124.82,2.74,45.32,21.04,1530,11,44.5,31.5,11.2,39.5,26.8,10.2,23.6,49.2,6,96.6,6.4,10.4,84.6,6.2,17.5,53.8,10.4
grid_287,28.649603,77.332852,2025-07-20T14:30:00Z,154.8,83.48,107.07,4.31,46.46,30.27,1726,18.3,61.9,13.8,8,37.1,38.8,13.7,25.3,54.4,2.9,82.3,5.5,9.5,105.9,8.3,7.8,51.8,5.9
grid_288,28.649603,77.334905,2025-07-20T14:30:00Z,156.71,77.24,119.77,2.84,59.28,32.49,1924,19.2,65.7,28,8.7,57,43.1,22.8,43.2,57.4,4.2,73.9,2.3,5.3,83.6,10.1,12.1,50.9,13.1
grid_289,28.649603,77.336958,2025-07-20T14:30:00Z,162.05,73.28,114.71,4.5,64.74,32.28,2121,13.2,76.9,16.9,15.9,54.8,29.1,21.1,35,52,7.4,74.3,2.2,4.5,70.8,10.1,10.6,40.9,6
grid_290,28.649603,77.339011,2025-07-20T14:30:00Z,141.31,84.82,112.09,4.41,53.38,33.49,2319,19.8,69.9,12.1,10.3,55.8,36.4,12.5,33.8,58.8,3,66.3,6.5,6,77.3,10.7,13.8,40.3,13.8
grid_291,28.651405,77.291789,2025-07-20T14:30:00Z,173.87,87.7,118.14,2.97,62.59,26.71,2354,15.6,51.9,26.8,10.3,36,32.1,15.7,43.9,45,6.8,111.8,3.7,7.9,71.8,8.9,15.1,37.5,12.2
grid_292,28.651405,77.293842,2025-07-20T14:30:00Z,162.9,70.66,140.55,2.78,50.82,22.31,2159,21.4,48.1,12.8,15.8,52,22.1,19,30.8,26.6,3.6,87.4,4.4,6.8,103.8,4.6,13.6,37.6,8
grid_293,28.651405,77.295895,2025-07-20T14:30:00Z,144.4,70.51,117.2,3.37,55.81,32.68,1965,18.7,83.5,21.4,15.1,28.6,44.5,24.2,24.4,45.3,3.4,70.4,4.6,9.4,100.4,3.3,12.7,38.7,10.9
grid_294,28.651405,77.297948,2025-07-20T14:30:00Z,148.25,67.17,130.14,4.18,59.02,24,1772,12.9,79.6,27.4,18.1,30.1,30.8,18.8,19.8,53.6,3.9,88.9,5.8,7.9,83.4,7.6,14.5,43.8,7.5
grid_295,28.651405,77.300002,2025-07-20T14:30:00Z,151.24,64.85,133.52,3.56,49.92,23.7,1581,20.9,51.5,20.4,12.7,54.9,22.4,18.3,44.1,37.7,2.7,84.7,4.6,6.6,57.3,10.5,9,47.8,5.1
grid_296,28.651405,77.302055,2025-07-20T14:30:00Z,136.71,60.58,132.8,3.28,56.6,18.8,1393,15.7,79.2,22.1,9.5,61.7,32.7,17.2,41.8,44.9,3.6,75.1,6.9,9.3,85,3.5,15.3,40.9,13
grid_297,28.651405,77.304108,2025-07-20T14:30:00Z,156.3,61.29,101.45,3.75,53.21,17.65,1208,10.3,85.4,20.9,12.7,27.8,23.1,20.9,18.6,43.8,7.4,101.1,3,9.3,65,5,10.4,49.1,10.8
grid_298,28.651405,77.306161,2025-07-20T14:30:00Z,146.14,66.2,125.14,3.8,60.1,30.41,1030,12.2,41.2,12.3,10.6,33.1,20.7,24.6,29.2,44.7,5.7,120.8,3.1,6.3,81.4,6.9,17,52.4,5.1
grid_299,28.651405,77.308214,2025-07-20T14:30:00Z,123.7,70.36,120.55,3.51,52.83,26.37,860,15.5,77.6,21.9,19,53.5,37.1,16.1,45.7,56.1,2.6,74.7,3.7,6.8,69.9,3.9,13.1,28.6,10.5
grid_300,28.651405,77.310267,2025-07-20T14:30:00Z,150.44,63.1,94.12,3.72,41.05,15.5,707,22.2,77.5,19.7,8.2,52.3,25.6,24.9,34.7,59.8,7,101.3,2.6,11,72,7.4,13.2,39.9,5.6
grid_301,28.651405,77.31232,2025-07-20T14:30:00Z,128.68,70.87,100.03,2,45.48,28.63,583,14.4,69.6,15.2,10.9,60.6,30,19.6,44.1,46.5,6.1,79.6,5,7,82.8,9.8,8.2,41.3,13
grid_302,28.651405,77.314373,2025-07-20T14:30:00Z,142.78,71.86,118.1,2.44,51.94,19.34,510,14.6,43,21,10.4,48,38.6,12.7,24.9,27,3.8,111.5,4,11,84.6,6.7,15.3,37.9,10.5
grid_303,28.651405,77.316427,2025-07-20T14:30:00Z,120.18,53.86,121.86,2.23,39.77,25.23,510,22.1,63.2,16.5,14.5,48.3,34.7,10.2,34.8,41.1,2.9,80.2,3.3,7.1,60.3,4.2,11.9,33.2,10.8
grid_304,28.651405,77.31848,2025-07-20T14:30:00Z,124.55,66.46,109.64,3.31,47.76,18.26,583,19.9,84.2,26.9,10.4,27.8,31.9,22.4,48,28.1,2.8,97.6,4.7,6.8,91.2,8.1,9.3,39.9,11.1
grid_305,28.651405,77.320533,2025-07-20T14:30:00Z,130.31,60.84,92.69,3.3,50.49,23.87,707,19.6,40,14.2,14.2,33,21.5,11.8,23.8,47.2,2.8,109.4,5.2,4,76.6,4.3,15.1,31.8,6.7
grid_306,28.651405,77.322586,2025-07-20T14:30:00Z,115.53,64.49,98.83,3.69,54.54,27.56,860,15.9,67.7,16.2,14.9,30,30.2,11.5,20.4,55.8,5.7,120.2,6.8,9,60.4,6.4,13.7,53.2,10.8
grid_307,28.651405,77.324639,2025-07-20T14:30:00Z,116.75,79.37,124.08,3.47,51.83,18.48,1030,11.4,85.9,31.9,8.8,43.1,32.3,12.1,48.7,30.9,6.1,85.3,2.3,5.7,85.4,8.5,8.3,44,9
grid_308,28.651405,77.326692,2025-07-20T14:30:00Z,157.93,70.23,106.68,2.44,58.14,22.66,1208,22.2,58.8,14.4,9.8,44.7,29,15.9,23.2,46.3,4.6,74.5,5.8,9.2,57.2,6.1,10.5,24.1,6
grid_309,28.651405,77.328745,2025-07-20T14:30:00Z,124.5,80.74,107.69,4.11,46.06,31.35,1393,14.7,85,30.9,10.8,58.2,33.3,22.4,18.1,29.4,6.5,104.8,6.8,10.2,107.5,4,13.5,30.7,15
grid_310,28.651405,77.330798,2025-07-20T14:30:00Z,131.28,80.94,102.56,2.41,45.11,23.55,1581,22,45.7,26.1,11.8,30.5,24.8,18.6,42.3,58.6,4.7,94.4,2.3,5.1,105.3,7.8,13.2,34.8,7.3
grid_311,28.651405,77.332852,2025-07-20T14:30:00Z,130.07,79.03,128.07,3.35,54.59,20.25,1772,18,66.8,17.1,13.5,43.6,33.4,10.1,19.8,29,7,92.4,4.5,9.4,75.1,6.9,14.8,37,7.2
grid_312,28.651405,77.334905,2025-07-20T14:30:00Z,159.81,88.18,107.99,3.92,48.9,29.85,1965,12.2,47.9,28.5,7.9,58.4,32.5,20.9,41.3,34,6.5,108.6,2.5,9.1,91.6,5.4,12.1,43.3,12
grid_313,28.651405,77.336958,2025-07-20T14:30:00Z,171.91,79.25,124.57,2.67,55.83,23.85,2159,14.2,54.4,23.8,9.3,26.3,44.2,16.5,44.6,31.1,3.4,100.5,4.6,10.5,81.3,8,14.1,26.4,6.9
grid_314,28.651405,77.339011,2025-07-20T14:30:00Z,160.34,72.31,112.99,4.34,60.94,21.54,2354,18,44.7,17.8,7.6,40.1,30.5,18,26.6,49.6,6.9,66.9,6.5,9.5,95.1,9.5,15.1,46,10.7
grid_315,28.653206,77.291789,2025-07-20T14:30:00Z,160.44,80.48,131.26,4.44,52.98,33.99,2404,17.4,42.8,17.9,12.1,32.7,26.8,11.2,43.2,40.3,4.2,66.8,2.5,11.1,62.9,6,15.1,28.6,13.7
grid_316,28.653206,77.293842,2025-07-20T14:30:00Z,153.08,70.8,120.25,3.86,53.61,21.67,2214,12.2,39.9,22.3,12.6,30.6,40.8,21.9,41.2,51.8,7.2,110.9,3.2,10.8,102.6,3.3,16.9,38.1,14.5
grid_317,28.653206,77.295895,2025-07-20T14:30:00Z,135.33,89.03,127.69,3.56,49.71,29.94,2025,22.3,86,26.4,18.6,22.5,22.9,23.3,27.5,57.6,4.5,68.5,2.6,7.4,67.7,8.4,10.7,51.6,6.3
grid_318,28.653206,77.297948,2025-07-20T14:30:00Z,150.06,76.3,111.17,3.62,62.51,20.69,1838,15.9,81.4,23,14.3,33,22.1,21.1,42.4,46.9,7.2,109.1,4.7,11,70,10,9.6,52,7.7
grid_319,28.653206,77.300002,2025-07-20T14:30:00Z,130.93,81.73,132.57,3.5,50.84,19.58,1655,19.3,87.2,25.9,11.3,38.5,36.6,17.2,35.8,33.5,2.7,97.6,3.6,4.3,97.6,6.2,16.3,43.1,7
grid_320,28.653206,77.302055,2025-07-20T14:30:00Z,150.9,78.19,130.29,4.21,58.28,26.41,1476,20.3,73.9,19.8,9.7,53,28.3,14.9,48.7,38.7,5.9,80.6,2.8,7.6,99.3,6.4,17,53.8,14.7
grid_321,28.653206,77.304108,2025-07-20T14:30:00Z,125.41,79.35,103.47,2.86,46.94,29.29,1304,21.2,45.9,27.9,9.3,35.2,41.4,24.7,23.8,30.1,3.9,77.1,5.3,7.4,92.4,3.5,10.9,52.8,10.4
grid_322,28.653206,77.306161,2025-07-20T14:30:00Z,143.66,78.1,115.58,2.72,58.25,21.6,1140,11.4,85.4,30.6,16.8,50.5,29.5,20.1,31.7,33.2,7.2,71.8,6.7,4.1,99.2,10.3,9.8,40.6,5.4
grid_323,28.653206,77.308214,2025-07-20T14:30:00Z,154.02,62.89,106.29,3.71,56.82,18.11,990,11.4,65.7,21.7,7.5,32.4,30.2,11.7,46.2,34.2,6.5,96.1,2.1,8.3,63.6,9.2,15.5,23.1,6.6
grid_324,28.653206,77.310267,2025-07-20T14:30:00Z,136.65,76.01,110,3.91,53.73,25.74,860,14.3,44.3,25.6,12.7,52.9,41.4,23.8,45.1,55.8,5.6,97.7,4.7,4.3,103.1,7.8,14.5,47.5,11.8
grid_325,28.653206,77.31232,2025-07-20T14:30:00Z,142.95,58.88,109.22,2.86,40.34,29.85,762,11.9,78.1,21.5,7.9,38.7,28.3,21.9,20.6,35.8,2.5,102.3,3.5,11.3,82,6.3,10.2,34.3,10.5
grid_326,28.653206,77.314373,2025-07-20T14:30:00Z,123.99,71.96,113.25,2.35,47.76,22.95,707,21.4,43.6,28.5,12.3,47.3,40.8,13.8,30.2,29.3,2.7,85.3,5.9,5.5,72.4,10.2,17,48.2,6.5
grid_327,28.653206,77.316427,2025-07-20T14:30:00Z,131.79,59.62,97.11,2.53,41.67,22.11,707,18.4,47.3,25.9,19.4,48.3,26.3,23.3,46.8,57.5,6.7,72.7,5.3,6.5,109.5,3.6,8.2,52.5,7.7
grid_328,28.653206,77.31848,2025-07-20T14:30:00Z,119.17,72.35,126.05,2.06,46.44,17.44,762,21.4,69.7,15.5,15.1,48.1,44.3,21.1,28.4,34.6,3.9,84.4,3.4,10.7,77.8,5.2,17.3,37.3,13.2
grid_329,28.653206,77.320533,2025-07-20T14:30:00Z,115.07,73.86,105.54,2.52,51.93,29.67,860,18.7,65.7,30.2,17.4,55.6,28.3,11.6,44.4,52.6,5.3,86.6,5.1,9.8,101.7,9.2,11.2,51.6,8.1
grid_330,28.653206,77.322586,2025-07-20T14:30:00Z,143.09,65.16,112.68,2.25,51.65,16.34,990,11.4,60.1,22.3,18.5,65.7,35.7,12.3,35.2,40.3,7.2,110.2,5.8,4.3,103.3,4.2,10.3,31.8,13.6
grid_331,28.653206,77.324639,2025-07-20T14:30:00Z,142.36,69.57,120.5,2.92,61.46,24.19,1140,11.3,82.1,12.8,11.3,56.2,21.8,24.5,48.5,34.5,4.2,101.5,4.8,4.2,103.8,9.3,11.7,54.5,14.5
grid_332,28.653206,77.326692,2025-07-20T14:30:00Z,141.88,67.91,124.35,3.66,53.66,30.67,1304,10.6,68.3,24.4,10.3,35.5,42.4,20.9,33.8,57.5,6.8,105.5,5.8,5.8,89.7,7,9.5,42.5,7
grid_333,28.653206,77.328745,2025-07-20T14:30:00Z,138.45,80.05,128.28,4.2,53.31,21.57,1476,12.3,83.3,22.9,17.3,39.9,40.3,13.5,37,32.2,7.3,86,3.5,11,105.6,5.9,14.2,46.5,14.7
grid_334,28.653206,77.330798,2025-07-20T14:30:00Z,139.36,78.97,106.44,4.04,48.44,22.15,1655,20.6,66.1,22.8,17.8,48.7,44.8,14.5,43.5,29.5,7.4,113.4,5.8,4.3,87.6,3.1,9.9,53.5,12
grid_335,28.653206,77.332852,2025-07-20T14:30:00Z,150.91,73.8,121.15,4.13,46.45,23.19,1838,21,54.3,17.9,7.9,52.3,38.4,22.2,28.7,31.7,7.2,82.4,3.7,10.7,78.1,9.2,17.3,39,11.2
grid_336,28.653206,77.334905,2025-07-20T14:30:00Z,132,76.64,126.29,3.4,50.66,30.7,2025,16.7,47.9,12.4,17.3,31.7,41.7,19.9,33,37.3,2.8,70.9,3.3,7.6,90,4.5,12.1,40.3,11.9
grid_337,28.653206,77.336958,2025-07-20T14:30:00Z,150.16,70.69,135.98,4.29,49.81,28.29,2214,15.1,69,22.9,9,51.3,42.2,22.6,27.3,33.2,6,72.4,4.7,8.7,87.6,9.1,14.1,40.7,13.4
grid_338,28.653206,77.339011,2025-07-20T14:30:00Z,163.86,79.23,133.25,4.59,66.99,26.19,2404,19.8,74.1,27.7,16.1,63.5,40.8,15,37.3,28.5,2.8,93.6,6.3,10.2,61.6,9,16.4,50,10.8
grid_339,28.655008,77.291789,2025-07-20T14:30:00Z,140.89,89.27,131.48,3.07,53.48,22.94,2470,22.4,49,29.5,14.9,43.6,32.7,14,30.4,32.5,6.9,79.9,6.6,5.3,90.3,9.7,7.8,29.3,9.4
grid_340,28.655008,77.293842,2025-07-20T14:30:00Z,167.94,67.9,144.84,2.96,53.91,31.46,2285,15.4,74.8,29.5,11.6,56.3,30.6,12,30.7,28.1,4.5,80.1,2.1,10.8,70.5,4.3,13.2,28.4,12
grid_341,28.655008,77.295895,2025-07-20T14:30:00Z,156.31,87.18,113.43,3.87,63.04,29.11,2102,12.5,75.7,24.9,18.2,32.4,34,15.9,45.5,53.2,6.2,86,3.4,8.6,84.4,8,14.9,49.9,12.8
grid_342,28.655008,77.297948,2025-07-20T14:30:00Z,157.08,68.75,124.83,3.39,65.36,26.72,1924,17.4,67.8,30.3,14.4,28,25.3,22.7,36.2,37,2.6,91.6,3.5,4.7,64.9,5.7,15.8,41.7,9.2
grid_343,28.655008,77.300002,2025-07-20T14:30:00Z,154,79.97,127.23,2.63,55.15,25.89,1749,14.5,51.1,21.8,13.4,52.3,31.9,22.9,22,36.1,3.9,117.9,6.3,10.8,94.8,4.6,16.8,53.9,14.3
grid_344,28.655008,77.302055,2025-07-20T14:30:00Z,136.1,65.34,104.88,2.79,62.51,22.32,1581,16.7,55.7,17.8,8.4,50.8,24.6,22.1,31.3,42.8,6.9,68.9,6.2,8.2,99.4,3.1,11.5,31.4,6.1
grid_345,28.655008,77.304108,2025-07-20T14:30:00Z,137.75,62.33,113.19,2.3,45.6,21.06,1421,13.5,45.7,17.6,14.9,53.7,35.4,12.4,29.5,29.1,4.1,83.8,2.1,8.7,89.5,6.5,16.6,48.8,14.6
grid_346,28.655008,77.306161,2025-07-20T14:30:00Z,152.79,68.72,112.46,2.96,46.26,31.25,1273,21.4,81.4,19,9.4,44.7,24.5,14.8,39.9,26.4,6.6,108.7,5.1,9.2,90.9,3.9,10.9,29.3,11.8
grid_347,28.655008,77.308214,2025-07-20T14:30:00Z,153.65,76.82,110.37,3.04,56.63,30.9,1140,21.8,48.5,13.2,16.9,61.6,26.4,17.4,22.2,48.4,4.2,106.1,6,10.8,68.2,8.3,16,52.6,13.2
grid_348,28.655008,77.310267,2025-07-20T14:30:00Z,148.18,62.94,101.65,2.09,49.8,26.66,1030,20,46.3,18.4,15.6,37.9,38.8,19.8,37.4,50.8,6.8,117.6,3.7,10.8,94.6,4.1,14.2,32.8,10
grid_349,28.655008,77.31232,2025-07-20T14:30:00Z,140.75,75.86,119.62,3.14,54.68,18.84,949,11.6,49.4,22.9,18.1,31.5,34.6,11,26.1,26.7,7.4,119.8,4.3,5.4,68,8,17.2,52.7,6.4
grid_350,28.655008,77.314373,2025-07-20T14:30:00Z,123.85,63.35,108.84,2.87,59.97,22.86,906,14.9,61.2,18,15.7,65.3,41.1,17.9,18.2,59.6,4.9,88.3,6.9,5.3,106,7.4,9.1,45,11.2
grid_351,28.655008,77.316427,2025-07-20T14:30:00Z,137.03,70.38,126.27,2.8,59.37,29.45,906,20.1,83.9,17.8,17,57.2,21.7,14.1,29.4,34.4,6,102,2.4,4,85.7,6.2,17,40.2,7.6
grid_352,28.655008,77.31848,2025-07-20T14:30:00Z,121.23,77.61,114.45,2.49,56.45,17.67,949,17.2,87.7,26.3,8.5,61.8,30.3,16.8,26.6,35.6,4.8,111.4,6.7,10.9,103.5,4.9,10.8,35.6,10.8
grid_353,28.655008,77.320533,2025-07-20T14:30:00Z,151.34,61.42,127.28,2.04,56.18,21.17,1030,22.2,42.9,25.2,20,54.2,23.3,17.1,37.2,43.9,3.8,113.4,6.2,6.7,94.7,9.4,16.6,49.6,7.7
grid_354,28.655008,77.322586,2025-07-20T14:30:00Z,135.58,67.51,119.46,2.21,42.21,20.65,1140,16.5,71.8,30.3,18.5,23.1,27.8,15.3,34.2,30.6,3.1,78.5,3.9,10.8,79.6,4.6,15.7,33.9,13.7
grid_355,28.655008,77.324639,2025-07-20T14:30:00Z,138.22,82.67,116.85,2.96,61.44,28.24,1273,21.3,60,20.1,19.3,59.6,32.4,24.3,18.5,45.6,5.2,116.5,3.5,7.6,103.7,6.5,8.7,27.5,13.5
grid_356,28.655008,77.326692,2025-07-20T14:30:00Z,151.63,77.58,123.15,2.54,49.97,25.03,1421,16.4,57.5,24.1,19.8,65.4,22.3,22.6,41.3,37.1,7.4,71.6,3.2,9.4,99.3,9.3,13.7,45.4,13.4
grid_357,28.655008,77.328745,2025-07-20T14:30:00Z,145.84,85.29,133.63,3.97,63.5,19.71,1581,14,46.7,26.2,13.5,27.1,35.1,20.9,24.7,42.3,6.4,114.6,4.4,8,65.6,4,11.6,30.8,9.4
grid_358,28.655008,77.330798,2025-07-20T14:30:00Z,160.43,63.11,119.81,2.54,63.31,32.06,1749,12.6,42.6,12.9,16.8,54.9,21.7,19.8,30.6,53.7,3.5,100.5,4.8,10.6,86.1,4.1,8.9,39.6,10.4
grid_359,28.655008,77.332852,2025-07-20T14:30:00Z,144.03,81.98,128.05,2.99,48.48,33.38,1924,15.4,71.2,20.6,10.7,46.6,34,13.4,17.9,36.6,3.1,118.1,4.6,6.1,94,3.8,16.6,40.9,6.6
grid_360,28.655008,77.334905,2025-07-20T14:30:00Z,135.73,74.96,138.52,4.2,61.04,31.27,2102,16.2,81.4,25,10.3,56.5,22.6,12.3,22.3,34.6,3.7,117.6,6.4,9.3,95.6,4.9,13.5,46.1,8.2
grid_361,28.655008,77.336958,2025-07-20T14:30:00Z,169.22,66.9,139.14,3.7,60.27,28.52,2285,20.2,50.1,27.6,18.3,38.1,39.1,23.1,34.6,52,6.2,70.2,2.1,11.5,108.6,3.7,14.5,26.9,6.8
grid_362,28.655008,77.339011,2025-07-20T14:30:00Z,176.67,82.63,114.49,3.63,54.41,25.19,2470,11.8,55.7,14,8.8,65.7,35.9,24.9,29.3,53,6,104.5,3.6,7.9,98,7.8,9.5,43.7,7.5
grid_363,28.65681,77.293842,2025-07-20T14:30:00Z,143.88,80.35,112.52,2.7,67.98,26.55,2371,13.4,80.5,22.1,11.7,22.4,27.2,17.2,18.7,42.8,7.2,103.7,6.3,8,72.2,7.2,15.4,45.1,12.8
grid_364,28.65681,77.295895,2025-07-20T14:30:00Z,150.26,69.36,133.87,3.77,49.79,19.65,2195,21.8,49.3,21.2,10.7,41.1,35.9,23.7,38.6,58,3.7,69.1,2,9.5,71.4,7,13,38.2,14.5
grid_365,28.65681,77.297948,2025-07-20T14:30:00Z,155.9,72.34,121.81,2.98,57.79,28.86,2025,16.7,80.3,22.9,13.9,35.2,33.7,18.8,28,58,4.6,105.8,3,4.6,96.6,9.7,13.9,34.4,9.3
grid_366,28.65681,77.300002,2025-07-20T14:30:00Z,150.45,71.34,119.42,3.28,48.23,27.82,1860,11.4,69.6,31.5,14.7,51.3,24.5,17.7,40.6,31.6,6.7,86.2,3.2,9.8,91.3,7.1,12,38.4,12.3
grid_367,28.65681,77.302055,2025-07-20T14:30:00Z,132.57,77.75,104.87,3.43,48.8,20.79,1703,20.8,72.1,18.5,17.2,27.2,35.6,20.5,28.5,56.4,7.5,107.6,4,10,62,7,12.3,39.6,5.1
grid_368,28.65681,77.304108,2025-07-20T14:30:00Z,163.11,60.88,107.05,3.42,47.42,25.97,1556,21,51.4,28.4,15.8,48.9,23.6,24,18.5,40.2,3.2,111.9,4.5,7.3,96.8,9.8,12.2,29.1,11.6
grid_369,28.65681,77.306161,2025-07-20T14:30:00Z,132.78,70.44,129.83,3.38,60.96,22.87,1421,21.6,42.4,21.5,17.6,51.8,33.4,13.3,49.2,53.7,5.4,70.1,5,11.1,108,3.1,11.9,42.7,13.7
grid_370,28.65681,77.308214,2025-07-20T14:30:00Z,128.66,75.16,107.33,3.35,60.66,19.01,1304,19.9,55,15.4,7.9,32.3,34.5,14.6,20.1,30.3,5.4,106,5.5,6.7,80,8.8,17.4,22.7,7.4
grid_371,28.65681,77.310267,2025-07-20T14:30:00Z,122.7,60.34,127.2,2.12,58.87,27.64,1208,17.8,60.7,16.8,17.7,61.7,35.7,24.5,43.1,26,2.7,93.3,2.8,8.8,100.5,10.4,9.2,32.3,7.8
grid_372,28.65681,77.31232,2025-07-20T14:30:00Z,143.53,63.44,109.63,3.48,42.1,26.06,1140,19.7,85.9,14.4,12.7,43.5,35.5,18.3,19.5,32.9,4.9,74.8,5,7.7,63.8,9.5,11.2,43.1,14.9
grid_373,28.65681,77.314373,2025-07-20T14:30:00Z,121.37,75.55,118.73,2.59,45.57,29.17,1105,11.2,70.1,25.4,10.6,51.6,37.5,14.3,44.6,46.9,7.1,107.4,4.7,11.2,57,7,8,47.6,8.9
grid_374,28.65681,77.316427,2025-07-20T14:30:00Z,150.41,74.26,115.9,2.21,46.24,19.68,1105,17.7,50.8,20.1,17.5,53.9,36.2,19.3,38.2,51.6,3.3,82,4.9,8.1,61.8,5,10.7,45.8,6.1
grid_375,28.65681,77.31848,2025-07-20T14:30:00Z,133.27,72.83,112.89,3.03,56.7,29.51,1140,14.9,51.2,29.7,19.1,31.1,31.3,19.3,18.6,31.1,2.9,121,6.2,8.5,73.4,5.2,13.3,43.1,9.2
grid_376,28.65681,77.320533,2025-07-20T14:30:00Z,125.49,66.04,132.49,2.81,52.24,19.9,1208,17.2,61,30.1,18.5,50.1,35.3,21.8,38.8,33.2,6.1,101.8,3.1,8.1,76.4,9.8,15.7,42.1,8
grid_377,28.65681,77.322586,2025-07-20T14:30:00Z,135.32,61.4,102.73,2.18,54.69,19.28,1304,10.6,59.7,14.9,19.6,34.3,23.8,15.5,29.1,43.6,5.6,68.9,4.4,5.5,98.3,4.4,16.8,23.6,11.4
grid_378,28.65681,77.324639,2025-07-20T14:30:00Z,142.84,69.11,106.54,3.09,51.15,26.77,1421,16.6,72.7,18,11.5,34.5,34.7,10.9,32.4,52.5,5.7,93.7,5.9,9.5,99.3,4.2,13.7,41.7,13.9
grid_379,28.65681,77.326692,2025-07-20T14:30:00Z,152.92,68.57,132.72,3.97,54.16,29.2,1556,18.7,74.9,22.9,18.1,65.9,24.8,20.1,33.7,59.8,5.4,103.7,5.9,4.3,100.3,8.5,11.7,53.7,8.6
grid_380,28.65681,77.328745,2025-07-20T14:30:00Z,135,77.51,129.33,3.99,56.36,22.81,1703,21,45.4,14.2,11.5,64.3,37.7,16.7,49.5,55.8,6.3,100.3,2.8,4.2,106.9,4.7,15.9,51.3,8.4
grid_381,28.65681,77.330798,2025-07-20T14:30:00Z,162.47,73.88,140.13,4.25,61.4,32.74,1860,17.6,47.2,25,18.3,28.9,25.1,11.8,21.7,35.7,2.6,71,6.4,4.7,67.9,4,12,47.5,9.4
grid_382,28.65681,77.332852,2025-07-20T14:30:00Z,145.6,74.81,110.87,3.65,58.83,32.42,2025,12,77.9,29.1,12.1,23.6,38.5,22,20.5,39.9,7.4,109.1,3.4,8.7,95.6,5.8,12.3,37.7,14
grid_383,28.65681,77.334905,2025-07-20T14:30:00Z,162.01,85.48,117.42,3.56,67.51,33.98,2195,10.9,86.1,31.6,7.8,38.9,42.4,22.9,34.7,28.7,4.9,82.9,3.7,7.6,104.5,4,13.7,30.4,8.5
grid_384,28.65681,77.336958,2025-07-20T14:30:00Z,150.02,78.59,130.6,3.38,60.72,23.05,2371,12.5,64.2,19.6,19.9,32.3,20,17.5,39.5,52.2,6.7,95.7,5.2,10.2,103.1,8.7,16,42.4,7.2
grid_385,28.658612,77.293842,2025-07-20T14:30:00Z,166.34,84.07,122.26,3.09,51.21,29.75,2470,14.3,54.4,16,13.8,65.4,30.5,13.8,41.1,37.3,4.8,83,5.5,8.1,95.2,4.8,10.5,48.9,6.8
grid_386,28.658612,77.295895,2025-07-20T14:30:00Z,174.43,73.57,126.85,3.22,67.49,30.05,2302,10.5,69.6,20.3,8.9,57.1,29.7,19.7,30.1,34.2,6,88.4,2.4,10.2,77.7,5,9.9,54,8.4
grid_387,28.658612,77.297948,2025-07-20T14:30:00Z,158.23,74.78,115.38,4.31,61,25.15,2140,14.6,53.9,27.1,13.9,43.4,33.9,19.4,20.2,58.9,6,114.3,3,4.6,59.5,10.5,13,39.6,7.8
grid_388,28.658612,77.300002,2025-07-20T14:30:00Z,154.67,88.72,138.82,4.35,56.66,33.03,1985,19.2,54.8,19.8,14.8,42.6,36.4,16.3,22.3,46.8,4.7,69.8,2.9,6.2,100.6,8.8,7.6,53.9,14.4
grid_389,28.658612,77.302055,2025-07-20T14:30:00Z,139.43,72,136.04,3.13,56.66,27.15,1838,11.2,47.3,17.8,16.3,49.7,27.7,24.8,42.3,53.1,7.3,97,3.2,10.7,87.3,3.3,16.5,49,8.6
grid_390,28.658612,77.304108,2025-07-20T14:30:00Z,141.51,79.23,112.48,2.48,54.9,20.32,1703,21.3,84.3,21.6,9.2,55.6,28.2,14.4,21.1,39,2.6,105.2,6.7,4.8,73.4,5.8,10.5,26.4,6.2
grid_391,28.658612,77.306161,2025-07-20T14:30:00Z,154.71,61.88,112.67,2.99,48.58,20.66,1581,20.4,68.3,20.6,13.1,29.4,20.4,17.4,38.4,42.9,4.9,79.5,5.5,6.7,62.7,4.9,15,22.2,12.9
grid_392,28.658612,77.308214,2025-07-20T14:30:00Z,132.25,77.44,108.42,2.61,61.88,21.57,1476,12.9,74.1,24.7,12,55.5,29,13.9,46.2,51.4,4.3,75.3,4.5,7.2,68,6.9,12,39.4,14.6
grid_393,28.658612,77.310267,2025-07-20T14:30:00Z,127.9,75.19,108.64,3.89,59.32,18.49,1393,16.6,65,22.8,12.5,35.1,36.2,12.6,43,38.9,2.5,74.5,3.5,8,77.9,9,9.4,34.5,9.4
grid_394,28.658612,77.31232,2025-07-20T14:30:00Z,125.57,82.57,113.04,3.68,50.88,19.68,1334,13.2,75.8,17.2,18.1,51.6,34,14.7,27.4,43.4,6.6,104.7,2.5,7,70.9,8.7,13.3,30.4,12.8
grid_395,28.658612,77.314373,2025-07-20T14:30:00Z,157.37,68.99,121.9,2.26,57.65,17.72,1304,20.3,70.2,17.5,7.9,22.5,23.2,19.5,43.7,54.9,4.9,100.5,5.4,9.2,95.1,9.6,9.2,54,10.7
grid_396,28.658612,77.316427,2025-07-20T14:30:00Z,139.75,75.4,121.18,2.66,48.27,30.68,1304,12.2,43.8,28.2,17.3,49.8,27.8,22.9,28.2,53.4,2.8,102.5,5.8,9.1,61.3,9.8,13.4,41.9,7.6
grid_397,28.658612,77.31848,2025-07-20T14:30:00Z,151.38,72.23,100.95,3.04,60.23,28.78,1334,11.8,55.7,19.6,10.5,29.9,32.2,15.9,30.6,26.5,7.3,74.3,4.1,6.9,71.7,8.2,10.1,22.8,10.1
grid_398,28.658612,77.320533,2025-07-20T14:30:00Z,137.72,62.42,107.91,3.84,55.45,18.92,1393,11.5,68.4,26.3,18.9,38.1,33.5,22.7,19.5,47.7,2.8,78.6,4.3,4.1,74.8,4.1,9,41.9,14.2
grid_399,28.658612,77.322586,2025-07-20T14:30:00Z,123,61.88,129.61,3.86,48.69,28.23,1476,16.8,45.5,23.8,9.8,27.8,22.9,15.1,38.3,42,3.8,81.4,2.1,4.1,92,4.8,7.9,50,11.8
grid_400,28.658612,77.324639,2025-07-20T14:30:00Z,159.24,63.77,116.04,4.2,55.79,24.01,1581,12.9,53.2,15.2,12,29.9,24.6,13.3,33.7,50.3,5,108.8,3.8,10.5,86.5,3.1,10,52.2,11.5
grid_401,28.658612,77.326692,2025-07-20T14:30:00Z,126.72,69.1,109.83,3.11,50.75,23.94,1703,17.8,76.5,30,8.6,46.1,26.6,16.2,28.1,37.7,7,120.5,6.5,10.4,64.7,7.9,11.8,37.5,11.1
grid_402,28.658612,77.328745,2025-07-20T14:30:00Z,151.63,85.57,129.05,3.74,51.07,27.79,1838,18.5,60.4,28.3,8.6,44.3,37.1,19.2,44.9,32.6,5.3,103.6,4.3,5.1,109,3.4,9.8,29.5,10.3
grid_403,28.658612,77.330798,2025-07-20T14:30:00Z,135.62,64.06,134.87,3.76,60.44,24.92,1985,14,46.3,15.9,14,59.3,31.7,12,45.9,55.1,4.7,115.9,5.8,11.1,56.3,10,8.3,33.8,8.3
grid_404,28.658612,77.332852,2025-07-20T14:30:00Z,133.45,77.05,121.2,3.73,51.5,34.34,2140,18.2,49.3,17.2,14,42,26.9,11.6,47.1,28.6,6.3,85.7,6.7,5.5,80.6,4.3,8.5,30.1,10.6
grid_405,28.658612,77.334905,2025-07-20T14:30:00Z,163.7,71.82,130.33,4.42,64.21,33.75,2302,10.8,52.9,20.5,19.5,49.9,24.1,17.8,47.2,38.5,6.1,97.3,6.4,8.5,81.5,8.3,14.6,22.9,10.1
grid_406,28.658612,77.336958,2025-07-20T14:30:00Z,151.51,79.46,142.29,3.47,60.28,29.52,2470,16.9,78.6,17.8,8.3,54.4,29.7,13.1,48.1,36,5.4,73.1,4.9,7.2,86.5,3.9,10.5,34,11.6
grid_407,28.660414,77.295895,2025-07-20T14:30:00Z,142.54,72.26,137.71,3.43,64.87,24.97,2421,10.4,71.3,21.8,19.1,58.8,37.2,20.2,48.4,27.4,5.1,77.2,5.8,4.4,64.8,7.4,16.7,53.2,13.3
grid_408,28.660414,77.297948,2025-07-20T14:30:00Z,167.07,74.91,137.85,3.58,61.2,33.13,2267,18.6,50.5,31.4,8.1,23.8,37.2,16,26.3,39.6,2.7,110.1,5.6,5.3,72.9,8.7,12.2,25.6,13
grid_409,28.660414,77.300002,2025-07-20T14:30:00Z,161.59,80.24,110.04,3.23,58.06,23.44,2121,16.8,75.4,15.1,14.2,51.7,20.4,23.6,23.5,34.2,5.9,90.8,6.4,5.8,69.4,8.4,10.7,33.6,6.1
grid_410,28.660414,77.302055,2025-07-20T14:30:00Z,143.84,70.46,112.57,3.98,57.48,21.03,1985,10.3,70.5,30,17,53.8,28,18.4,23.7,50.2,2.8,88.7,3.2,7.6,80.9,10.1,8.7,40.1,10.2
grid_411,28.660414,77.304108,2025-07-20T14:30:00Z,127.99,68.43,118.97,3.11,46.87,28.02,1860,19,49.1,15.3,8,42,39.4,21.5,23.6,59.5,3.2,84.4,6.6,9.2,88.7,6.5,12.6,36.9,9.3
grid_412,28.660414,77.306161,2025-07-20T14:30:00Z,137.57,66.13,134.31,3.2,65.27,18.55,1749,18.1,54.9,21,8.9,29.5,37,21.7,34.9,35.7,4.6,87.3,3.6,11.1,98.4,6.8,15.8,25.1,5.5
grid_413,28.660414,77.308214,2025-07-20T14:30:00Z,161.41,80.46,122.37,3.78,54.65,29.08,1655,12.8,67.6,25.2,15.5,57.1,44,24.1,45.6,45,5.4,69,2.4,10,101.2,9.3,15,49.1,8.7
grid_414,28.660414,77.310267,2025-07-20T14:30:00Z,161.26,76.62,120.65,4.13,48.12,21.23,1581,21.8,69.8,14.6,15.9,63.1,20.1,13.6,29.9,41.2,5.6,78.8,5,4.8,96.2,8.8,10,51.6,5.9
grid_415,28.660414,77.31232,2025-07-20T14:30:00Z,153.36,62.99,134.86,2.79,61.63,29.47,1530,21.1,67.1,21.9,8.4,54.7,42.8,19.1,32.3,56.3,7.1,116.9,5.1,7.1,66.5,5.1,14.2,34.3,9.2
grid_416,28.660414,77.314373,2025-07-20T14:30:00Z,139.44,82.09,107.73,3.77,63.41,25.23,1503,10.5,56.2,29.5,14.6,60.2,34.2,22.9,42.9,27.2,6.6,101.5,2.6,4.1,92.2,8.6,12.4,22.3,7.9
grid_417,28.660414,77.316427,2025-07-20T14:30:00Z,129.79,72.77,114.89,4.12,60.57,24.06,1503,21.9,54.5,18.4,14.1,64.3,43.6,15.4,41.8,31.9,3.5,117.9,3,6.1,60.1,5.8,13.2,22.4,9.2
grid_418,28.660414,77.31848,2025-07-20T14:30:00Z,146.34,71.88,135.7,2.64,63.25,18.47,1530,14.7,83.8,23.6,13.3,43.8,31.4,14.2,32.5,55.3,6.8,74,6.8,4.9,91.3,9.9,9.2,32.8,10.7
grid_419,28.660414,77.320533,2025-07-20T14:30:00Z,163.48,73.58,135.9,4.11,64.39,26.03,1581,21.5,48.2,23.3,8,65,22.6,15.7,29,58.9,3.4,69.7,6.8,9.8,94.3,3.9,16.5,26.4,12.3
grid_420,28.660414,77.322586,2025-07-20T14:30:00Z,145.73,76.36,114.36,4.07,49.85,23.2,1655,13.4,60,30.8,10,47.7,26.7,14.2,26.2,38.1,7.3,96.3,5.5,10.6,100.3,6.7,17.2,51.8,8.4
grid_421,28.660414,77.324639,2025-07-20T14:30:00Z,136.88,81.83,106.63,3.86,61.54,33.23,1749,19.5,69.7,30.8,19,36.4,41.2,10.5,48.9,28.3,2.7,96.9,5.8,4.5,79.5,6.8,7.9,26.9,10.6
grid_422,28.660414,77.326692,2025-07-20T14:30:00Z,166.03,66.94,127.69,3.94,55.41,25.08,1860,11.8,56.3,18.4,11.1,23.3,32.3,15.7,30.5,56.5,6.2,114.5,5.8,11.2,55.4,9,17.4,30.2,13.3
grid_423,28.660414,77.328745,2025-07-20T14:30:00Z,130.31,67.87,126.49,3.82,49.27,33.11,1985,20.1,80.9,16.6,19,30,36.8,15.9,40.3,46.2,7.3,103.5,3.8,9.4,64.9,10.3,12.2,54.5,9.9
grid_424,28.660414,77.330798,2025-07-20T14:30:00Z,144.61,89.22,142.57,3.77,65.31,20.7,2121,15.7,47.6,12.9,11.9,56.8,41.3,18.8,39.5,26.9,3.1,68.6,5.9,5.9,100.2,3.4,15.9,42.2,13
grid_425,28.660414,77.332852,2025-07-20T14:30:00Z,136.85,86.17,125.91,3.03,65.65,20.08,2267,11.9,45.3,31.1,17.9,53.4,31,12.8,38.8,55.3,4.9,66.9,3.3,4.9,89.9,9.1,13.4,39.4,6.7
grid_426,28.660414,77.334905,2025-07-20T14:30:00Z,156.73,88.72,121.59,4.01,56.57,27.87,2421,18,42,15.4,17.6,23.8,36.9,14.9,40.6,37.8,3.2,87.2,5.3,5.3,84.1,3.5,16.3,49,13.3
grid_427,28.662215,77.297948,2025-07-20T14:30:00Z,150.84,88.79,129.42,4.06,69.07,28.79,2404,14.7,75.3,21.2,15.7,54,26.6,24.9,22.8,39.5,3.5,103.9,5,10.6,105.2,6.4,14.7,26.7,7.5
grid_428,28.662215,77.300002,2025-07-20T14:30:00Z,134.22,74.91,112.71,4.41,66.02,20.18,2267,11.6,56.9,23.2,10.6,44.7,32.1,18.1,24.3,37.5,4.5,105.7,2.5,9.8,100.6,10.3,11.8,32.7,5.9
grid_429,28.662215,77.302055,2025-07-20T14:30:00Z,157.47,66.77,122.19,3.88,59.88,33.24,2140,21,44.1,22.1,17.7,49.8,38.5,21.2,22.8,40.2,3.3,88.3,6.6,5.7,86.4,5.3,17.1,29.6,8.2
grid_430,28.662215,77.304108,2025-07-20T14:30:00Z,131.45,84.42,112.99,2.86,62.99,27.14,2025,11.5,76.3,26.6,15.7,44,23.2,20.5,46.2,52.6,6.6,115.4,3.8,6.5,64.6,7.6,9.8,35.8,8.7
grid_431,28.662215,77.306161,2025-07-20T14:30:00Z,140.93,72.11,126.91,3.91,61.17,21.63,1924,15,61.3,19.2,18.6,64.1,25.7,11.8,42.7,29.9,3.2,79.2,6.8,5.2,59.2,7,12.8,52,6.2
grid_432,28.662215,77.308214,2025-07-20T14:30:00Z,133.23,67.66,136.27,3.16,53.29,21.85,1838,11.2,57.6,28.9,19.6,44.4,30.1,18.8,29.6,40.2,6.1,105.8,4.9,9.6,104.3,5.8,10.8,48.3,13.4
grid_433,28.662215,77.310267,2025-07-20T14:30:00Z,157.6,66.96,115.17,2.74,62.92,27.45,1772,12.4,54.3,21.1,18.2,57.6,22.9,23.5,38.8,55.6,2.7,96.7,3.9,8.3,70.3,5.8,16.4,51.2,10.5
grid_434,28.662215,77.31232,2025-07-20T14:30:00Z,159.22,76.73,134.6,3.17,46.62,19.94,1726,22,73.4,24,13.4,55.5,33.1,14.9,34.2,32.7,5.8,98.4,4.4,9.9,78.5,7.6,10.1,23.8,13
grid_435,28.662215,77.314373,2025-07-20T14:30:00Z,142.25,70.58,114.24,2.46,46.38,23.32,1703,11.8,46.6,15.1,9.5,28.9,32.5,20.8,24.6,38.7,2.6,93.4,5.1,8.2,91.2,7.2,12.8,50.3,11
grid_436,28.662215,77.316427,2025-07-20T14:30:00Z,137.78,72.81,108.09,2.7,54.58,28,1703,14.9,49.1,27.5,12.2,55,41,21.8,31.5,52,6.7,100.7,4.5,11.5,69.7,5.5,16.6,53.4,8.7
grid_437,28.662215,77.31848,2025-07-20T14:30:00Z,154.33,67.46,115.1,3.85,51.99,33.11,1726,15.1,79,27,16.3,43.2,35.5,14.4,34.1,55.5,6.5,117.5,2.4,7.1,96.5,3.6,16.5,51.6,12.5
grid_438,28.662215,77.320533,2025-07-20T14:30:00Z,165.68,85.97,108.12,3.95,48.37,23.61,1772,21,77.5,31.5,18.3,34.9,20.6,24.7,23.8,42.4,4.1,74.8,3.5,6.2,102.3,3.5,9.2,28.5,8.2
grid_439,28.662215,77.322586,2025-07-20T14:30:00Z,138.93,85.44,112.5,4.32,58.02,23.11,1838,17.4,84.9,15.1,14.4,37.2,38.5,15.1,49.9,50.3,4.9,108.3,2.9,8.6,68.1,8.9,13.4,36.2,13.5
grid_440,28.662215,77.324639,2025-07-20T14:30:00Z,151.33,84.88,112.18,3.39,55.64,22.36,1924,13.3,75.1,24.3,18.8,64.1,25.9,13.6,37.7,27.7,5.9,86.2,4.7,6.2,97.3,10.3,14.1,33.1,12.7
grid_441,28.662215,77.326692,2025-07-20T14:30:00Z,145.17,70.62,119.75,4.26,51.44,31.66,2025,12.5,87,17.7,13,37.5,26.9,11.6,42.9,52.5,3.9,74.1,3,9.3,103.5,10.5,12.8,32.7,10.6
grid_442,28.662215,77.328745,2025-07-20T14:30:00Z,135.67,68.53,118.82,4.25,64.25,23.76,2140,16.7,87,13,16.7,54.6,24.7,17.8,19.6,38.3,6.3,113.2,7,9.1,109.4,5.9,13.8,37.9,13.7
grid_443,28.662215,77.330798,2025-07-20T14:30:00Z,159.66,68.94,120.82,4.44,62.07,28.83,2267,11.1,48.1,24,17.5,23.7,20.1,19.6,34.5,56.2,5.3,98.8,4,10.4,78.4,8.1,13,48.2,11.1
grid_444,28.662215,77.332852,2025-07-20T14:30:00Z,139.56,73.56,129.47,2.78,56.46,25.17,2404,19.1,86.2,24.3,8.2,27.1,24.9,16.6,20.2,28.2,6.4,97.2,3.1,7.9,90.9,5,12.1,37.6,7.4
grid_445,28.664017,77.300002,2025-07-20T14:30:00Z,174.82,78.01,113.63,3.69,50.94,29.81,2421,21.4,45.2,18,8.4,25.7,29.7,21.6,34.8,42.7,3.9,95.7,3.8,11.1,99.6,8.8,14.4,32.5,5.7
grid_446,28.664017,77.302055,2025-07-20T14:30:00Z,162.71,87.01,127.64,3.43,53.12,23.7,2302,17.2,84.4,24.7,16.5,49.1,41.4,14.6,34.7,37.3,3.5,69,2.5,10.1,104.5,10.8,8.4,33.1,14
grid_447,28.664017,77.304108,2025-07-20T14:30:00Z,165.34,75.17,113.05,3.33,66.58,27.12,2195,20.1,67.3,13.9,14.2,46.1,32.4,21.6,33.4,26.9,5.7,98.9,6.5,10.6,75.2,4.9,17,36.5,12.9
grid_448,28.664017,77.306161,2025-07-20T14:30:00Z,136.88,72.43,131.31,3.1,64.2,25.69,2102,21.2,70.5,25.2,17.4,59.3,34,14.1,40.9,41.3,7,101.7,5.5,10.4,98.3,7,15.4,27.9,14.8
grid_449,28.664017,77.308214,2025-07-20T14:30:00Z,161.32,81.88,115.13,3.36,57.14,26.87,2025,17.6,48.2,14.8,15.5,35.4,34.6,10.9,47.6,53.7,7.2,117.1,6,4.7,92.8,4.1,7.5,42.9,10.1
grid_450,28.664017,77.310267,2025-07-20T14:30:00Z,139.07,77.31,122.13,3.25,64.51,33.57,1965,16.8,55.1,23.4,11.7,54.1,33.8,19.8,32.9,59.7,4,92.9,3.1,11.3,109.5,5,14.5,29.5,10.3
grid_451,28.664017,77.31232,2025-07-20T14:30:00Z,146.07,64.5,129.69,4.05,57.81,19.19,1924,16.8,50.8,29.4,11.9,38.7,29.2,20.4,41.4,30.2,6.8,119.6,5,9.4,82.6,8.9,15.4,50,13.3
grid_452,28.664017,77.314373,2025-07-20T14:30:00Z,136.13,87.34,138.32,3.56,49.76,27.61,1903,10.2,75.9,30.2,9.6,62.1,37.3,14.3,34.6,47.4,4.4,88.8,6.7,4.8,60.5,3.9,8.2,47.7,7.1
grid_453,28.664017,77.316427,2025-07-20T14:30:00Z,166.06,76.56,116.43,2.65,65.67,23.69,1903,16.8,63.6,25.2,19.9,33.9,20.1,13.8,39.4,30.7,4.8,97.9,5.9,10.2,66.3,8.2,11.4,44.4,11.1
grid_454,28.664017,77.31848,2025-07-20T14:30:00Z,166.23,75.37,132.58,2.98,46.96,26.48,1924,21.2,57.9,28.3,8.8,36.6,34.1,20.9,27.3,51.5,2.8,79.6,6.6,8.5,72,7.8,14,53.5,10.8
grid_455,28.664017,77.320533,2025-07-20T14:30:00Z,161.63,69.39,119.38,3.15,57.7,24.52,1965,15.1,69.8,14.4,9.9,58.6,42.1,22.5,31.2,27.7,7.1,72,6,8.4,79.1,6.7,17.5,34.2,13.1
grid_456,28.664017,77.322586,2025-07-20T14:30:00Z,158.85,79.63,108.06,3.58,63.71,27.52,2025,21.3,54.4,28.9,10.1,43.3,40.7,19.8,44.4,30.8,4.5,100.6,3.7,5.2,104.1,7,14.4,43.1,5.1
grid_457,28.664017,77.324639,2025-07-20T14:30:00Z,141.39,70.27,119.17,3.67,50.81,22.05,2102,13.2,80.9,31.1,19,28.4,42.1,16,31.1,51.4,7.5,88.7,5.4,6.6,69.3,4.9,14.7,27.3,11
grid_458,28.664017,77.326692,2025-07-20T14:30:00Z,153.23,80.25,141.7,2.76,57.19,22.44,2195,14.6,50.6,17.8,10.1,30.1,37.1,21.2,33.1,46.1,4,117.4,4.4,10.4,91.7,4.4,13,45.6,14
grid_459,28.664017,77.328745,2025-07-20T14:30:00Z,145.6,88.16,129.73,3.77,64.68,29.89,2302,14.1,74.8,16.9,15,45.8,27.9,11.1,28.1,35.3,6.5,95.3,4.6,9.7,70.3,8.6,11.5,44.6,13.7
grid_460,28.664017,77.330798,2025-07-20T14:30:00Z,175.33,81.34,142.89,3.61,64.2,30.88,2421,10.6,41,16.2,19.3,32.7,35.1,10.1,22.1,43.4,6.8,117.3,3.4,11.2,74.8,6.7,13.6,40.5,7.4
grid_461,28.665819,77.302055,2025-07-20T14:30:00Z,140.09,80.47,137.42,3.6,65.95,24.78,2470,16.1,41.6,13.2,17.3,31.1,29.9,18.1,38.3,32.5,4.2,109.3,5.6,4.9,102.5,7.1,13.5,53.2,14.3
grid_462,28.665819,77.304108,2025-07-20T14:30:00Z,138.52,82.32,114.08,4.6,61.8,24.17,2371,14.7,74.3,31.8,12.9,44,33.1,12.9,38.9,32.8,6.2,72.8,5.1,6.1,90.3,7.4,11,45.5,7.5
grid_463,28.665819,77.306161,2025-07-20T14:30:00Z,156.63,77.56,114.36,4.2,56.18,29,2285,18.6,41,19.3,9.9,61.4,20.1,24.3,39.7,59,3.2,93.4,6.7,8.3,76.7,8.1,17.4,29.2,9.4
grid_464,28.665819,77.308214,2025-07-20T14:30:00Z,139.33,86.42,128.85,3.72,50.18,22.45,2214,10.9,79.4,30.8,13.4,23.2,24.4,17,30.1,57.1,6.5,117.1,3.2,11.2,95.4,7.2,14.3,25,13.2
grid_465,28.665819,77.310267,2025-07-20T14:30:00Z,134.55,66.65,111.76,4.14,50.06,29.77,2159,18.7,46.1,17.4,11.6,23.6,34.6,23.3,45.8,27.6,2.7,107,3,10.2,94.8,3.1,8.9,35.7,6.6
grid_466,28.665819,77.31232,2025-07-20T14:30:00Z,146.47,73.76,124.02,3.99,50.38,27.83,2121,13.3,66.1,21.7,8.1,38.3,28,12.7,30.2,47.8,6.5,89.5,3.1,5.5,74.5,8.3,14.1,51.9,5.2
grid_467,28.665819,77.314373,2025-07-20T14:30:00Z,133.51,77.89,134.69,2.89,54.78,20.65,2102,20.8,67.9,27.4,14.6,22.6,40,17.9,23.3,36.4,7.4,98.5,4.7,7.1,57.3,10.5,16,50,12.4
grid_468,28.665819,77.316427,2025-07-20T14:30:00Z,167.17,73.51,110,3.2,49.68,24.42,2102,19.8,86.6,21.2,18.9,49,44,18.8,34.1,27.6,3.4,99.8,6.5,10.1,74.9,10.7,7.9,36.2,14.7
grid_469,28.665819,77.31848,2025-07-20T14:30:00Z,155.43,88.78,129.04,3.69,53.71,33.2,2121,20.7,82.7,26.6,10.6,23.8,31.5,22.8,25.5,34,6.3,84.6,6.6,10.1,73,4.7,12.5,36.9,13.3
grid_470,28.665819,77.320533,2025-07-20T14:30:00Z,167.55,83.38,118.53,3.94,59.27,26.2,2159,21.1,41.2,16.6,18.3,61.2,20.7,13.2,26.8,56.7,7.5,80.4,3.9,5.2,82.9,10.9,9.7,53.9,6
grid_471,28.665819,77.322586,2025-07-20T14:30:00Z,148.18,65.96,122.96,3.82,53.06,25.64,2214,13.6,50.1,20.2,8.8,56.5,40.2,18.8,49.1,44.9,3.1,112.9,2,8.5,61.4,7.6,14.4,36.4,14.6
grid_472,28.665819,77.324639,2025-07-20T14:30:00Z,155.76,72.35,141.94,2.65,63.47,24,2285,17.8,45.9,18,15.7,29,25.1,15.4,30.4,46.2,5.9,87.7,4.6,7.2,101.6,5.8,16,34.2,5.8
grid_473,28.665819,77.326692,2025-07-20T14:30:00Z,150.99,69.05,133.45,4.28,52.19,22.4,2371,20.3,59.9,18.4,17.7,31.3,36.8,21.7,25.7,31.9,5.8,92.8,6.6,4.3,90.5,4.8,8.7,46.3,12.2
grid_474,28.665819,77.328745,2025-07-20T14:30:00Z,169.54,88.78,142.58,4.4,62.28,22.24,2470,20.1,56.7,29.3,15.1,53.8,41.8,20.4,24,26,6,99.1,3.8,6.1,59.2,10.9,11.1,35,6
grid_475,28.667621,77.306161,2025-07-20T14:30:00Z,174.46,82.09,113.28,4.53,68.83,23.23,2470,11.6,57.5,31.5,14.8,26.5,20.1,14.1,27.2,40.1,5.3,119,2.2,10.4,81.1,9.3,10.5,35.1,13.7
grid_476,28.667621,77.308214,2025-07-20T14:30:00Z,145.78,83.85,130.72,2.77,65.34,25.65,2404,11.3,82,22.6,7.5,29.2,37.7,15.2,32,50.4,3.2,98.2,4.2,7.1,95.5,5.5,10.5,46.8,6.3
grid_477,28.667621,77.310267,2025-07-20T14:30:00Z,160.75,78.72,133.64,4.36,51.51,30.27,2354,15.1,72.3,19.4,19.7,35.5,34.5,13.1,47.1,35.5,4.9,104.2,4.8,11.2,76.6,5.8,10.6,46,9.4
grid_478,28.667621,77.31232,2025-07-20T14:30:00Z,174.78,70.33,136.62,3.99,60.13,24.08,2319,19,50.3,14.5,17.6,54.3,38,18.6,31.5,58.2,4.8,77.3,6.8,7.3,82.5,3.5,14.2,31.5,12.4
grid_479,28.667621,77.314373,2025-07-20T14:30:00Z,162.85,87.98,143.75,4.07,67.71,24.61,2302,21.3,71.1,27.1,8.9,60.9,34.4,16.7,34,59.3,5.6,101.8,2.9,4.6,70.1,10.8,15.3,44,8
grid_480,28.667621,77.316427,2025-07-20T14:30:00Z,140.96,74.68,113.07,2.81,60.68,27.71,2302,13.4,51.3,25.3,14.3,32.7,36.3,23.3,48.7,47.2,3,112.9,3.7,8.6,97.3,4.6,10.7,33.4,7.6
grid_481,28.667621,77.31848,2025-07-20T14:30:00Z,164.3,73.89,124.14,2.81,55.43,21.08,2319,12,50.6,21.9,10.3,45.6,25.4,15.3,38.5,52.1,6.9,79.8,4.7,7,97.7,4.6,11.9,42.8,12.1
grid_482,28.667621,77.320533,2025-07-20T14:30:00Z,151.11,69.32,113.71,2.86,55.52,22.5,2354,12.3,56.7,23.6,8.9,29.8,41.1,19,31.2,52.8,6.6,105.2,4.5,8.2,68.3,10.8,13.5,50,11.8
grid_483,28.667621,77.322586,2025-07-20T14:30:00Z,175.22,84.33,131.59,3.89,60.7,24.6,2404,11.1,74.8,28.6,16.4,51.9,21.1,23.2,24.7,41.9,6.1,90.5,6.7,8,79.7,5.9,17,54.1,5.9
grid_484,28.667621,77.324639,2025-07-20T14:30:00Z,171.82,90.17,128.49,3.79,58.65,30.71,2470,21.9,76.2,30.4,12.5,62.9,24.8,18,39.6,36.5,2.6,112.2,4.5,7.3,57.8,5.9,14.2,37.5,11
